秋元 建,あきもと けん,Male,44,1971/11/21,未婚,三重県,080-4278-8920,ドコモ
益岡 亮,ますおか りょう,Male,61,1955/3/15,既婚,愛媛県,080-2586-  60,au
森岡 遥,もりおか はるか,Female,50,1966/5/3,既婚,愛知県,090- 159-9542,au
島崎 しぼり,しまざき しぼり,Female,24,1992/2/24,未婚,福岡県,090-6503-7773,au
島本 佳乃,しまもと よしの,Female,69,1947/5/20,既婚,東京都,080-1269- 636,ドコモ
柄本 恵美,えもと めぐみ,Female,78,1938/3/23,既婚,岩手県,080-1434-9713,ソフトバンク
中島 隆,なかしま たかし,Male,23,1992/10/24,未婚,青森県,090-3066-3995,au
緒形 亜希,おがた あき,Female,79,1937/9/9,既婚,秋田県,080-5425-5104,ドコモ
森谷 由宇,もりや ゆう,Female,76,1940/7/24,既婚,長崎県,090-7392-7315,ドコモ
横尾 みあ,よこお みあ,Female,35,1981/3/12,既婚,京都府,080-7281-6505,ドコモ
梅沢 敏也,うめざわ としや,Male,70,1945/10/18,既婚,岡山県,080-2906-7342,ドコモ
大矢 一,おおや はじめ,Male,23,1993/3/24,既婚,福井県,080-2568-6754,ドコモ
阿部 一代,あべ かずよ,Female,57,1959/6/20,既婚,富山県,080-1178-9912,au
小出 あおい,こいで あおい,Female,47,1969/7/29,既婚,大阪府,080-3186-5994,ソフトバンク
大田 寛,おおた ひろし,Male,21,1995/6/11,未婚,東京都,080-3157-8049,au
草野 紗季,くさの さき,Female,62,1954/1/22,既婚,熊本県,080- 654-9803,ドコモ
坂上 ケンイチ,さかがみ けんいち,Male,70,1946/8/17,既婚,埼玉県,090-2474-2698,ドコモ
柄本 美優,えもと みゅう,Female,65,1951/7/19,既婚,兵庫県,080-7977-6481,ドコモ
神戸 愛,こうべ あい,Female,78,1938/9/11,既婚,青森県,080-2180-3764,au
大庭 一代,おおにわ かずよ,Female,30,1986/2/24,既婚,奈良県,080-3067-3216,ドコモ
生瀬 彩華,なませ あやか,Female,61,1954/10/7,既婚,愛知県,080- 166-1916,ソフトバンク
清水 ヒカル,しみず ひかる,Female,69,1947/4/26,既婚,埼玉県,080-8299-7231,ドコモ
丹野 栄一,たんの えいいち,Male,43,1972/12/14,既婚,長野県,080-5499-4083,au
塩沢 しぼり,しおざわ しぼり,Female,46,1970/2/18,既婚,東京都,090-5754-9088,ドコモ
坂本 瑠璃亜,さかもと るりあ,Female,49,1966/12/11,既婚,三重県,090-3432-7726,ドコモ
福士 まひる,ふくし まひる,Female,23,1993/4/18,既婚,神奈川県,080-6181-1074,au
岡村 真吾,おかむら しんご,Male,46,1969/10/18,既婚,東京都,080- 740- 816,ドコモ
千田 ひかり,せんだ ひかり,Female,55,1961/3/22,既婚,熊本県,080-1575-4021,ソフトバンク
橘 隆,たちばな たかし,Male,20,1996/9/10,未婚,秋田県,090-5389-5985,ソフトバンク
中谷 璃奈子,なかたに りなこ,Female,74,1942/6/26,既婚,兵庫県,090-6599-1052,ドコモ
岩永 礼子,いわなが れいこ,Female,40,1976/1/10,既婚,秋田県,080-5338-8533,ドコモ
島村 咲,しまむら さき,Female,28,1988/1/6,既婚,愛媛県,090-2837-6563,ドコモ
望月 裕司,もちづき ゆうじ,Male,40,1976/1/21,既婚,岐阜県,080- 512-8879,ドコモ
栗林 しぼり,くりばやし しぼり,Female,80,1935/10/27,既婚,京都府,080-2050-3238,ソフトバンク
下村 隼士,しもむら しゅんじ,Male,67,1949/6/25,既婚,埼玉県,090-9626- 659,au
青木 瞬,あおき しゅん,Female,25,1991/8/5,既婚,山口県,080- 268-9089,au
長野 芳正,ながの よしまさ,Male,23,1993/8/19,既婚,東京都,080-9678-5923,ドコモ
船橋 砂羽,ふなばし さわ,Female,62,1954/5/13,既婚,山形県,080-3601- 402,ソフトバンク
三船 玲那,みふね れな,Female,43,1973/5/29,既婚,福岡県,080- 431-8892,ドコモ
市田 浩太郎,いちだ こうたろう,Male,33,1983/5/13,既婚,北海道,090-9155-5021,ドコモ
岩本 利夫,いわもと としお,Male,75,1941/1/8,既婚,新潟県,090-9217-9364,au
富永 了,とみなが りょう,Male,50,1966/7/14,既婚,石川県,080- 431-3648,ドコモ
丹羽 美和子,たんば みわこ,Female,72,1944/5/13,既婚,静岡県,090-2792-6218,ドコモ
村田 拓郎,むらた たくろう,Male,45,1971/7/16,既婚,京都府,080-5902-4802,ドコモ
明石家 佑,あかしや たすく,Male,77,1939/3/30,既婚,大阪府,090-2825- 502,au
和泉 夏希,わいずみ なつき,Female,72,1943/11/3,既婚,福岡県,080-2346-1684,ドコモ
井本 雅彦,いもと まさひこ,Male,57,1958/11/25,既婚,神奈川県,090-9913-6294,ドコモ
越智 景子,おち けいこ,Female,66,1950/4/13,既婚,神奈川県,090- 746-6504,au
杉本 知世,すぎもと ちせ,Female,64,1952/1/26,既婚,広島県,090-7712-5957,ドコモ
広田 京子,ひろた きょうこ,Female,76,1940/10/3,既婚,千葉県,080-2253-9873,ドコモ
柳川 薫,やながわ かおる,Female,33,1983/7/15,未婚,東京都,080-3973-4480,ソフトバンク
岡島 優,おかじま ゆう,Male,67,1948/10/26,既婚,福島県,090-4876-9478,ツーカー
平塚 昌代,ひらつか まさよ,Female,44,1972/4/25,既婚,北海道,090-8850-5403,au
深沢 惇,ふかざわ じゅん,Male,20,1996/9/19,未婚,岡山県,080-8101-3711,ドコモ
芹沢 信輔,せりざわ しんすけ,Male,61,1955/10/3,既婚,高知県,090-2905-8281,ドコモ
白石 寿明,しらいし としあき,Male,77,1939/1/28,既婚,神奈川県,080-2683-1942,au
朝倉 秀樹,あさくら ひでき,Male,52,1964/7/14,既婚,宮崎県,080-7696-4795,au
渋谷 恵子,しぶや けいこ,Female,67,1949/5/14,既婚,神奈川県,080-6266-3875,ドコモ
湊 育二,みなと いくじ,Male,44,1972/1/8,既婚,兵庫県,080- 772-7488,ドコモ
中尾 美佐子,なかお みさこ,Female,48,1968/9/4,既婚,岩手県,090-2410-5909,ドコモ
大河内 栄一,おおこうち えいいち,Male,69,1947/9/3,既婚,京都府,080-4239-1606,ドコモ
藤沢 美帆,ふじさわ みほ,Female,49,1967/7/16,既婚,東京都,080- 888-2498,ソフトバンク
佐藤 みゆき,さとう みゆき,Female,55,1961/1/19,既婚,岡山県,090-1841-6774,ドコモ
福士 優一,ふくし ゆういち,Male,25,1991/5/4,既婚,福井県,080- 917-5350,ドコモ
宮原 隼士,みやはら しゅんじ,Male,49,1967/8/9,既婚,愛知県,090-3762-1111,ドコモ
平松 未來,ひらまつ みらい,Male,63,1953/8/26,未婚,東京都,090-6134-2819,ドコモ
今西 達士,いまにし たつひと,Male,38,1977/11/18,既婚,愛知県,080- 983-6035,au
蒼井 サダヲ,あおい さだお,Male,74,1941/12/14,既婚,埼玉県,090- 820-5984,ドコモ
山上 幸子,やまがみ さちこ,Female,65,1951/8/22,既婚,福島県,080-2162-5223,ドコモ
村岡 理紗,むらおか りさ,Female,64,1952/5/23,既婚,長野県,080- 891-6850,au
井村 たかお,いむら たかお,Male,39,1977/6/4,未婚,富山県,090-5521-6237,au
田代 雅功,たしろ まさとし,Male,23,1992/12/15,未婚,大阪府,090- 736-7610,ドコモ
土橋 春樹,つちはし はるき,Female,57,1959/5/18,既婚,愛媛県,080-6222-7918,ソフトバンク
沼田 サンタマリア,ぬまた さんたまりあ,Male,75,1940/12/12,既婚,福岡県,080-7883-8212,au
横山 マサカズ,よこやま まさかず,Male,53,1963/7/10,既婚,京都府,090-6126-1049,au
黒谷 功補,くろたに こうすけ,Male,51,1964/10/12,既婚,東京都,080-1892-2365,ドコモ
高柳 窈,たかやなぎ よう,Female,71,1945/7/18,既婚,大阪府,080-7669-3775,ドコモ
板垣 綾女,いたがき あやめ,Female,32,1984/3/9,既婚,福井県,080-1692-9791,au
河田 徹,かわた とおる,Male,78,1937/10/16,既婚,兵庫県,090-6896-7035,au
長友 知世,ながとも ちせ,Female,29,1987/5/30,未婚,栃木県,080-6812-4809,ドコモ
狩野 麗奈,かの れな,Female,36,1980/9/5,既婚,千葉県,090-2419-8633,ドコモ
多田 真希,ただ まき,Female,58,1958/6/16,既婚,神奈川県,080-2692-8357,au
宇都宮 俊介,うつのみや しゅんすけ,Male,69,1947/8/27,既婚,長野県,080-7223-7675,au
山崎 誠一,やまざき せいいち,Male,32,1984/6/5,既婚,東京都,080-8362-2245,ソフトバンク
西谷 正義,にしや まさよし,Male,31,1984/10/10,既婚,島根県,080-8855-3919,ドコモ
田村 敦,たむら あつし,Male,76,1939/12/16,既婚,兵庫県,090-6372- 802,au
小川 まさみ,おがわ まさみ,Female,76,1940/6/12,既婚,東京都,090- 574-8991,ドコモ
島 博明,しま ひろあき,Male,44,1972/1/3,既婚,広島県,090-9856-6157,ドコモ
大下 えみ,おおした えみ,Female,75,1941/3/30,既婚,埼玉県,090-1507-8647,au
森田 優,もりた ゆう,Female,36,1979/11/10,既婚,愛知県,090-  49-9132,ドコモ
鈴木 一徳,すずき いっとく,Male,31,1985/6/8,既婚,東京都,090-7793-7053,ドコモ
吉井 ヒロ,よしい ひろ,Male,61,1955/10/2,既婚,島根県,090-9495-8175,ドコモ
秋田 充則,あきた みつのり,Male,66,1949/11/21,既婚,東京都,090-9014-5618,ドコモ
小坂 沙知絵,こざか さちえ,Female,45,1971/8/12,既婚,千葉県,090-1462-3882,ドコモ
神田 了,かんだ りょう,Male,57,1959/2/15,既婚,山口県,080-5055- 132,ドコモ
大路 小雁,おおじ こがん,Male,37,1979/5/31,既婚,福岡県,090-4871-6470,ドコモ
戸田 美里,とだ みり,Female,63,1953/8/21,既婚,三重県,080-7714- 850,ソフトバンク
河西 裕司,かわにし ゆうじ,Male,56,1960/2/15,既婚,大阪府,090-6241-8080,ドコモ
金子 隆之介,かねこ りゅうのすけ,Male,56,1960/4/15,既婚,東京都,090-9074- 787,ドコモ
谷 勤,たに つとむ,Male,34,1982/9/26,既婚,熊本県,090-5766- 956,ドコモ
平野 光博,ひらの みつひろ,Male,65,1951/4/15,既婚,岐阜県,080-4755-7754,ドコモ
黒木 ひろみ,くろき ひろみ,Female,48,1968/9/16,既婚,京都府,080-3737-6429,au
園田 礼子,そのだ れいこ,Female,24,1992/6/16,既婚,北海道,090-4694-5636,ドコモ
大友 康文,おおとも やすふみ,Male,77,1939/2/8,既婚,三重県,080-6014-8227,ドコモ
小池 さゆり,こいけ さゆり,Female,59,1957/7/10,既婚,長野県,080-7074-  84,au
益岡 英嗣,ますおか ひでつぐ,Male,44,1972/1/29,未婚,京都府,080-3212-6834,ドコモ
杉野 達士,すぎの たつひと,Male,22,1993/11/29,未婚,佐賀県,080-2474-3116,au
藤井 未來,ふじい みらい,Male,44,1972/9/3,既婚,埼玉県,090-7642-9604,ソフトバンク
黒田 ケンイチ,くろた けんいち,Male,62,1953/11/30,既婚,東京都,090-5111- 186,ドコモ
寺島 恭子,てらしま きょうこ,Female,33,1983/9/6,既婚,群馬県,080-4874-3945,ドコモ
梅田 美月,うめだ みづき,Female,32,1984/5/15,既婚,高知県,080-6386-1972,ソフトバンク
本田 路子,ほんだ みちこ,Female,72,1944/2/23,既婚,東京都,090-3050-8197,ドコモ
小峰 愛,こみね あい,Female,44,1972/9/12,既婚,埼玉県,090-2646-1559,ソフトバンク
横川 陽子,よこかわ ようこ,Female,35,1981/3/19,既婚,埼玉県,080-2762-6846,au
佐古 米蔵,さこ よねぞう,Male,27,1988/12/5,既婚,大阪府,090-4246-5777,ドコモ
芦田 慢太郎,あしだ まんたろう,Male,35,1981/6/9,未婚,福岡県,080-3466-3390,au
島津 翔太,しまづ しょうた,Male,50,1966/7/8,既婚,東京都,080-6604-7263,au
小木 敏也,おぎ としや,Male,20,1996/2/3,既婚,大阪府,080-8952-5553,ソフトバンク
浜口 礼子,はまぐち れいこ,Female,75,1940/12/1,既婚,北海道,090-5985-1237,ドコモ
今 徹,こん とおる,Male,69,1946/11/2,既婚,神奈川県,090-4414-3631,ドコモ
菅谷 美紀,すがや みき,Female,58,1958/6/14,既婚,兵庫県,080-3202-8199,ドコモ
岩田 勇,いわた ゆう,Female,80,1936/3/18,既婚,兵庫県,090-1103-3452,au
小高 慎之介,こだか しんのすけ,Male,37,1979/10/3,既婚,宮城県,080-7393- 562,ドコモ
小杉 大,こすぎ まさる,Male,42,1974/5/26,既婚,千葉県,090-1446- 941,ドコモ
葛西 友也,かさい ともや,Male,47,1968/12/22,未婚,奈良県,090-9311-7768,ツーカー
茂木 充則,もぎ みつのり,Male,56,1960/4/28,既婚,新潟県,090-7808-5345,ドコモ
土居 恵麻,どい えま,Female,68,1948/1/5,既婚,千葉県,090-9439- 683,ソフトバンク
松原 美紀,まつばら みき,Female,51,1965/9/26,既婚,東京都,090-1871-3030,au
原口 ひとみ,はらぐち ひとみ,Female,31,1985/9/17,既婚,大阪府,090- 392-1949,ソフトバンク
玉井 一恵,たまい かづえ,Female,79,1937/9/28,既婚,静岡県,080-8764-3241,ソフトバンク
浅野 美智子,あさの みちこ,Female,37,1979/2/14,既婚,愛知県,080-5793-4571,ドコモ
七瀬 佑,ななせ たすく,Male,49,1967/5/30,既婚,大阪府,090- 737-1421,au
長谷 勇,ながや ゆう,Female,73,1943/2/19,既婚,愛知県,090-8882-6316,au
飯野 南朋,いいの なお,Female,31,1985/5/3,既婚,高知県,090-9242-4541,ドコモ
相沢 美菜,あいざわ みな,Female,76,1940/8/13,既婚,福島県,090-3663-2449,ドコモ
原 研二,はら けんじ,Male,48,1968/7/19,既婚,神奈川県,090-1782-6484,ドコモ
杉本 竜次,すぎもと りゅうじ,Male,59,1957/7/3,既婚,北海道,090-9386-4009,au
塩見 寿々花,しおみ すずか,Female,33,1982/12/19,既婚,兵庫県,090- 848-9763,ドコモ
難波 はるか,なんば はるか,Female,51,1965/9/30,既婚,愛知県,090-5561-3161,ドコモ
寺井 育子,てらい いくこ,Female,74,1942/6/16,既婚,大阪府,090-6634-2775,au
片瀬 奈央,かたせ なお,Female,78,1938/10/5,既婚,愛知県,080-9554-1196,ドコモ
白川 夏希,しらかわ なつき,Female,64,1951/10/26,既婚,群馬県,090-3076-9472,ソフトバンク
小杉 ひとり,こすぎ ひとり,Male,75,1940/10/30,既婚,宮崎県,090-2130-8477,au
花田 涼,はなだ りょう,Female,48,1968/5/4,既婚,福岡県,080-7965- 577,ドコモ
青山 愛菜,あおやま あいな,Female,62,1954/3/12,既婚,愛知県,090-7999-9032,ドコモ
本間 昴,ほんま すばる,Male,41,1975/4/16,未婚,東京都,080-2640-2537,au
加瀬 あき,かせ あき,Female,47,1969/9/29,既婚,岡山県,090-8626-5594,ドコモ
橋口 花緑,はしぐち かろく,Male,48,1968/5/14,既婚,岡山県,080-4864-2046,au
曽我 ケンイチ,そが けんいち,Male,32,1983/12/24,既婚,広島県,080-3133-3660,au
石渡 一代,いしわたり かずよ,Female,26,1990/5/27,未婚,兵庫県,080-  67- 386,ドコモ
長井 研二,ながい けんじ,Male,30,1986/6/1,既婚,大阪府,080- 194-5632,ドコモ
大槻 兼,おおつき けん,Male,38,1978/9/5,既婚,神奈川県,090-1164-2861,ドコモ
関根 奈々,せきね なな,Female,22,1994/1/17,未婚,神奈川県,090-9281-8253,ソフトバンク
芳賀 憲一,はが けんいち,Male,36,1979/11/14,未婚,千葉県,080-5571-4397,ドコモ
福地 聡,ふくち さとし,Male,77,1939/2/27,既婚,埼玉県,080-3542-8371,ソフトバンク
細井 早紀,ほそい さき,Female,47,1969/3/7,既婚,愛知県,090-9970-2765,ドコモ
浜崎 昴,はまさき すばる,Male,77,1938/10/15,既婚,福島県,080-8948-3649,au
進藤 一徳,しんどう いっとく,Male,56,1960/4/30,既婚,山口県,090-8662-6071,ドコモ
金沢 光臣,かねざわ みつおみ,Male,62,1954/4/5,既婚,静岡県,090-5135-6016,au
飯田 新太,いいだ あらた,Male,31,1985/1/29,既婚,福岡県,080- 116- 912,ドコモ
安達 芽以,あだち めい,Female,22,1994/7/30,未婚,東京都,080-2594-6571,au
辻 礼子,つじ れいこ,Female,71,1945/5/3,既婚,兵庫県,090-8524-2148,au
久米 景子,くめ けいこ,Female,65,1951/3/9,既婚,東京都,080-8525-1270,ドコモ
細川 豊,ほそかわ ゆたか,Male,70,1946/8/7,既婚,栃木県,080-2814-4405,au
酒井 勇一,さかい ゆういち,Male,56,1960/2/23,既婚,福岡県,090-9795-6979,ドコモ
丹野 勇,たんの ゆう,Female,25,1991/2/13,未婚,兵庫県,080-4614-9297,ドコモ
北村 兼,きたむら けん,Male,57,1959/3/27,既婚,静岡県,090-5935-7469,au
黒川 めぐみ,くろかわ めぐみ,Female,41,1975/5/2,既婚,茨城県,080-9219- 937,ドコモ
荻原 ヒロ,はぎわら ひろ,Male,65,1951/3/23,既婚,福岡県,090-8157-8572,ソフトバンク
奈良 愛,なら あい,Female,26,1990/4/6,既婚,茨城県,080-9505-5545,ドコモ
小島 祐基,こじま ゆうき,Male,67,1949/8/1,既婚,京都府,080-1713-1075,ドコモ
綾小路 結子,あやのこうじ ゆうこ,Female,52,1964/1/30,既婚,群馬県,090-2166-8912,au
水谷 莉央,みずたに りお,Female,75,1941/1/28,既婚,愛知県,090-8841-8955,ドコモ
三宅 勇介,みやけ ゆうすけ,Male,69,1947/9/17,既婚,宮城県,090-8448-8083,ドコモ
山田 恭子,やまだ きょうこ,Female,51,1965/1/5,既婚,青森県,080-7776-9279,ドコモ
落合 はるみ,おちあい はるみ,Female,36,1980/3/24,未婚,秋田県,090-7807- 972,ドコモ
江川 里奈,えがわ りな,Female,75,1940/10/9,既婚,埼玉県,080-  77-8504,ドコモ
緒形 結子,おがた ゆうこ,Female,60,1955/11/16,既婚,東京都,080-2651-9595,au
武井 了,たけい りょう,Male,58,1958/10/2,既婚,大阪府,080-3656-8004,au
堤 輝信,つつみ あきのぶ,Male,31,1985/1/1,既婚,新潟県,080-5405-9302,ドコモ
本間 早織,ほんま さおり,Female,80,1936/5/1,既婚,愛知県,090-2522-9446,ドコモ
前島 薫,まえじま かおる,Female,56,1960/8/13,既婚,青森県,080-5771-7778,ソフトバンク
鹿島 勇,かしま ゆう,Female,58,1958/4/15,既婚,埼玉県,090-6270-8075,ドコモ
小口 なつみ,おぐち なつみ,Female,35,1981/1/31,既婚,神奈川県,090-6017-3634,au
吉田 竜也,よしだ たつや,Male,37,1979/2/16,既婚,愛知県,080-2847-9186,au
阪口 美幸,さかぐち みゆき,Female,50,1966/7/2,既婚,静岡県,080-5600-5171,ドコモ
吉田 美佐子,よしだ みさこ,Female,74,1941/12/27,既婚,茨城県,080-7030-9826,au
田辺 恵子,たなべ けいこ,Female,62,1954/6/27,既婚,福岡県,090-3312-5330,au
渡辺 陽子,わたなべ ようこ,Female,40,1976/2/17,既婚,三重県,080-4401-4392,ドコモ
早川 和香,はやかわ わか,Female,64,1952/7/14,既婚,山口県,080-5448-8971,ソフトバンク
佐久間 樹里,さくま じゅり,Female,55,1960/12/9,既婚,東京都,080-6409-8925,au
石沢 淳子,いしざわ あつこ,Female,50,1966/9/6,既婚,秋田県,080-2266-3453,ドコモ
斎藤 マサカズ,さいとう まさかず,Male,69,1946/11/21,既婚,静岡県,090-6329-4875,au
内田 真悠子,うちだ まゆこ,Female,80,1936/4/2,既婚,新潟県,090-2210-2960,ドコモ
辻 美智子,つじ みちこ,Female,60,1956/5/22,既婚,福岡県,090-8581-8680,ソフトバンク
曽根 禄郎,そね ろくろう,Male,41,1975/4/24,既婚,千葉県,080-3975-1228,au
大貫 美和子,おおぬき みわこ,Female,52,1964/5/27,既婚,高知県,090-5014-8771,ドコモ
今泉 ちえみ,いまいずみ ちえみ,Female,47,1968/12/22,既婚,静岡県,080- 612-6212,au
笠原 なつみ,かさはら なつみ,Female,23,1993/8/3,未婚,千葉県,090-1249-6618,ドコモ
片桐 明日,かたぎり めいび,Female,54,1962/1/21,既婚,宮城県,090-7328-3771,ドコモ
平川 真吾,ひらかわ しんご,Male,35,1981/3/5,既婚,香川県,090-4203-3070,ドコモ
堤 えみ,つつみ えみ,Female,40,1976/6/14,既婚,宮城県,090-5626-5716,ドコモ
加藤 希,かとう のぞみ,Female,69,1946/12/31,既婚,埼玉県,080-8290-5584,ドコモ
辻本 茜,つじもと あかね,Female,71,1945/6/7,既婚,宮崎県,090- 787- 516,au
横川 竜也,よこかわ たつや,Male,28,1988/2/20,既婚,北海道,080-2688-5994,ドコモ
八木 美月,やぎ みづき,Female,69,1947/5/12,既婚,北海道,090-7542-2561,ドコモ
多田 花,ただ はな,Female,22,1994/2/20,既婚,東京都,090-5314-2157,au
熊田 結衣,くまだ ゆい,Female,40,1976/8/18,既婚,岩手県,090-   9-8209,ドコモ
深田 弘也,ふかだ ひろなり,Male,57,1959/4/22,既婚,大阪府,080- 908- 262,ドコモ
土谷 ひろ子,つちや ひろこ,Female,37,1979/4/14,既婚,福岡県,090-6704-3847,au
藤岡 佑,ふじおか たすく,Male,56,1960/7/23,未婚,大阪府,090- 773-7645,au
岡 太朗,おか たろう,Male,64,1952/8/18,既婚,岡山県,080-9553-2882,au
西川 愛子,にしかわ あいこ,Female,26,1990/3/29,既婚,長野県,080- 339-8760,au
五十嵐 早織,いがらし さおり,Female,43,1973/2/18,既婚,茨城県,090-7381-4950,ドコモ
曽我 勝久,そが かつひさ,Male,27,1989/9/4,既婚,群馬県,090-7730-9431,au
藤村 和久,ふじむら かずひさ,Male,36,1980/3/28,既婚,福岡県,080-9425-1708,ドコモ
岸部 早織,きしべ さおり,Female,78,1938/10/3,既婚,大阪府,090-2042-6635,ソフトバンク
大河内 勇一,おおこうち ゆういち,Male,28,1988/3/17,既婚,千葉県,080-2784-9310,au
吉崎 由美子,よしざき ゆみこ,Female,71,1945/6/25,既婚,兵庫県,090-3898-2956,ドコモ
小西 瑠璃亜,こにし るりあ,Female,70,1945/10/9,既婚,神奈川県,080-9687-8127,ドコモ
高倉 菜摘,たかくら なつみ,Female,42,1974/6/12,既婚,埼玉県,080-3237-6350,au
早川 亮介,はやかわ りょうすけ,Male,32,1984/4/23,既婚,高知県,080-5710-5372,au
吉井 惇,よしい あつし,Male,27,1989/5/7,既婚,東京都,080-  84-7093,au
瀬戸 礼子,せと れいこ,Female,46,1970/7/3,既婚,茨城県,080-8885-6141,ドコモ
熊田 まみ,くまだ まみ,Female,33,1982/11/30,既婚,北海道,080-3254-4704,au
北山 翔,きたやま しょう,Male,23,1993/8/3,既婚,神奈川県,090-1810-2840,ドコモ
大城 由美子,おおしろ ゆみこ,Female,58,1958/6/19,既婚,千葉県,080-9633-8201,ドコモ
市原 徹平,いちはら てっぺい,Male,23,1993/3/3,未婚,愛知県,080-4527-2192,ソフトバンク
臼井 明宏,うすい あきひろ,Male,29,1986/10/27,未婚,北海道,080-2762-3364,ドコモ
梅田 奈央,うめだ なお,Female,59,1957/1/29,既婚,愛知県,090-4974-2888,ドコモ
野口 憲一,のぐち けんいち,Male,75,1941/8/15,既婚,愛媛県,080-4012- 629,ドコモ
大和 そら,やまと そら,Female,49,1967/1/23,既婚,埼玉県,090-6371-5492,ドコモ
栗原 勇介,くりはら ゆうすけ,Male,35,1981/2/22,未婚,神奈川県,090-2602-6905,au
橘 礼子,たちばな れいこ,Female,70,1946/1/27,既婚,静岡県,090-6813-9482,ソフトバンク
山川 健,やまかわ けん,Male,49,1967/4/28,既婚,広島県,090-2126-3939,ドコモ
松井 幸平,まつい こうへい,Male,36,1980/7/27,既婚,兵庫県,080-5737- 243,au
佐藤 丈雄,さとう たけお,Male,31,1985/4/3,既婚,東京都,090-1125-4909,ソフトバンク
寺西 一樹,てらにし かずき,Male,53,1962/10/30,既婚,大阪府,080-4758-1451,ドコモ
井手 ヒロ,いで ひろ,Male,59,1957/7/11,未婚,長野県,080-3511-9624,ソフトバンク
早川 えみ,はやかわ えみ,Female,57,1959/3/6,既婚,神奈川県,080-6622-5604,au
藤本 礼子,ふじもと れいこ,Female,65,1951/8/26,既婚,愛知県,080-1389-7126,ドコモ
土橋 惇,つちはし じゅん,Male,63,1953/3/15,既婚,京都府,090-5732-7463,ドコモ
小川 憲一,おがわ けんいち,Male,20,1996/6/14,未婚,埼玉県,080-7999-2598,ツーカー
塚本 美帆,つかもと みほ,Female,42,1974/4/3,既婚,兵庫県,090-6818-1837,au
金森 徹平,かなもり てっぺい,Male,70,1946/7/22,既婚,静岡県,080-2072-3230,au
児島 真希,こじま まき,Female,25,1991/3/23,未婚,東京都,090-4918-8556,au
広田 薫,ひろた かおる,Male,79,1937/4/3,既婚,茨城県,080-6979-5222,ドコモ
有馬 真悠子,ありま まゆこ,Female,48,1968/3/15,既婚,群馬県,090-9819-3505,ソフトバンク
阿部 直人,あべ なおと,Male,63,1953/8/21,既婚,北海道,080-8487-1190,ドコモ
内田 一恵,うちだ かづえ,Female,70,1945/10/8,既婚,東京都,080-1597-5366,ドコモ
小坂 敦,こざか あつし,Male,28,1988/6/30,既婚,奈良県,080-3880-4156,au
日比野 みあ,ひびの みあ,Female,56,1960/9/27,未婚,埼玉県,090- 719-3147,ドコモ
沖田 ジョージ,おきた じょーじ,Male,23,1993/7/29,既婚,石川県,080-2557- 784,au
小野田 美佐,おのだ みさ,Female,29,1987/9/21,既婚,愛知県,090-6556-9706,ドコモ
角谷 まさみ,かどたに まさみ,Female,71,1945/9/28,既婚,大阪府,090-3979-2784,ソフトバンク
小宮 翔太,こみや しょうた,Male,75,1941/5/29,既婚,長崎県,080-1872-1296,ドコモ
新村 寛,にいむら ひろし,Male,58,1958/4/9,既婚,新潟県,090-3116-1272,ドコモ
湊 一輝,みなと かずき,Male,61,1955/5/30,既婚,新潟県,080-8059-2639,au
赤羽 徹,あかばね とおる,Male,66,1950/9/9,既婚,新潟県,090-6159-4520,ツーカー
香椎 華子,かしい はなこ,Female,24,1992/8/7,未婚,大阪府,080-6546-1269,au
相田 和久,あいだ かずひさ,Male,36,1979/11/16,未婚,東京都,090- 404-4761,ドコモ
村木 輝信,むらき あきのぶ,Male,38,1978/2/8,既婚,熊本県,090-5858-3701,ドコモ
高尾 翔子,たかお しょうこ,Female,30,1986/8/28,既婚,大阪府,090-1736-4734,ドコモ
福本 将也,ふくもと まさや,Male,74,1942/9/2,既婚,愛知県,090-1307-9611,au
桑田 奈央,くわた なお,Female,25,1990/12/13,既婚,富山県,080-1124-9272,au
井原 あおい,いはら あおい,Female,34,1981/12/6,既婚,神奈川県,090-5271-8413,ドコモ
神野 亮,かみの りょう,Male,80,1936/5/12,既婚,長野県,080-7964-1600,ドコモ
沖 恵梨香,おき えりか,Female,43,1972/12/1,未婚,宮城県,090- 383-5590,ドコモ
中園 ヒロ,なかぞの ひろ,Male,29,1987/6/16,未婚,愛知県,080-2933-8051,ドコモ
北 祐一,きた ゆういち,Male,36,1980/6/21,既婚,大阪府,090-5771-3743,ドコモ
植木 なつみ,うえき なつみ,Female,32,1984/4/17,既婚,滋賀県,080-6350-8613,ドコモ
三浦 真悠子,みうら まゆこ,Female,21,1995/7/13,既婚,茨城県,090-7756-5654,ドコモ
倉田 薫,くらた かおる,Male,36,1980/5/13,未婚,埼玉県,090-9723-4128,ドコモ
武内 コウ,たけうち こう,Female,77,1938/11/15,既婚,静岡県,080-1124-3648,au
宮原 陽子,みやはら ようこ,Female,69,1947/2/13,既婚,神奈川県,080-8372-4078,ドコモ
永瀬 光,ながせ ひかる,Male,52,1963/10/21,既婚,京都府,090-5201-1233,au
菅原 綾女,すがわら あやめ,Female,31,1985/1/20,未婚,愛知県,090-1570-1659,ドコモ
杉原 敏和,すぎはら としかず,Male,27,1989/4/8,未婚,愛知県,080- 539-9369,ソフトバンク
滝田 花緑,たきた かろく,Male,64,1951/12/3,既婚,東京都,090-3747-5315,ドコモ
寺島 美優,てらしま みゅう,Female,42,1974/2/12,既婚,熊本県,090-7049- 798,au
宮本 惇,みやもと じゅん,Male,71,1944/11/13,既婚,北海道,080-5714-8075,ドコモ
福本 光,ふくもと ひかる,Male,49,1966/10/28,既婚,東京都,090-2831-1597,ドコモ
黒木 未來,くろき みらい,Female,37,1979/3/22,既婚,福岡県,090-8841-7873,ドコモ
多岐川 一輝,たきがわ かずき,Male,75,1941/8/4,既婚,埼玉県,090-4877-9567,au
中原 満,なかはら みつる,Male,31,1985/6/8,未婚,秋田県,090-7432-3556,ドコモ
古山 淳,ふるやま あつし,Male,66,1950/9/27,既婚,兵庫県,080-8093-4195,au
薬師丸 明日,やくしまる めいび,Female,71,1945/1/20,既婚,鹿児島県,090-5350-2525,ソフトバンク
飯野 広之,いいの ひろゆき,Male,74,1942/5/29,既婚,京都府,080-7906-2757,ソフトバンク
一木 仁晶,いちき ひろあき,Male,62,1954/8/20,既婚,埼玉県,080-2183-6852,au
亀山 華子,かめやま はなこ,Female,53,1962/12/16,既婚,青森県,080-3864-1587,ドコモ
宮島 幸平,みやじま こうへい,Male,34,1982/8/8,既婚,佐賀県,090-1873-5301,ソフトバンク
山下 美希,やました みき,Female,59,1957/2/4,既婚,群馬県,080-7314- 790,au
島 ひろ子,しま ひろこ,Female,62,1954/4/24,既婚,兵庫県,080-2883-8986,au
小沼 祐一,こぬま ゆういち,Male,40,1976/6/10,既婚,東京都,090-5284-4491,ドコモ
釈 かおり,しゃく かおり,Female,64,1952/2/13,既婚,千葉県,080-3477-8355,ドコモ
富岡 智花,とみおか ともか,Female,28,1988/5/26,既婚,福岡県,090-5233-7331,ドコモ
橋爪 友以乃,はしづめ ゆいの,Female,26,1990/2/21,既婚,福岡県,090-8677-8848,ドコモ
藤崎 そら,ふじさき そら,Female,22,1994/4/26,未婚,埼玉県,080-1241-1127,au
飯田 輝信,いいだ あきのぶ,Male,55,1961/2/11,既婚,沖縄県,090-6898-1927,ツーカー
北村 優,きたむら ゆう,Female,77,1939/6/30,既婚,宮城県,080-1658-3584,au
芦屋 花,あしや はな,Female,34,1982/3/30,既婚,福井県,090-4081-7213,ソフトバンク
神野 かおり,かみの かおり,Female,72,1944/3/6,既婚,東京都,080- 976-3563,au
山崎 雅彦,やまざき まさひこ,Male,76,1940/2/7,既婚,静岡県,090-1465- 169,ドコモ
西本 南朋,にしもと なお,Female,55,1961/8/9,既婚,広島県,090-5014-4717,ソフトバンク
小宮 賢治,こみや けんじ,Male,61,1955/6/2,既婚,兵庫県,080-9854-8202,ドコモ
花岡 扶樹,はなおか もとき,Male,57,1959/5/6,既婚,宮城県,080-8170-1328,ドコモ
沖田 洋介,おきた ようすけ,Male,72,1944/5/17,既婚,京都府,090-8391-6122,ドコモ
長沢 信吾,ながさわ しんご,Male,71,1945/5/11,既婚,大阪府,090-4624-6837,au
古田 優,ふるた ゆう,Male,45,1971/2/20,既婚,神奈川県,080-9482-9712,ドコモ
春日 里穂,かすが りほ,Female,63,1952/12/17,既婚,北海道,080-1982-6967,ドコモ
高畑 まみ,たかばた まみ,Female,56,1960/7/21,既婚,大阪府,080-3527-3606,ソフトバンク
村松 守,むらまつ まもる,Male,28,1988/6/3,既婚,兵庫県,090-5815-5394,ドコモ
岩崎 薫,いわさき かおる,Male,70,1946/8/20,既婚,愛媛県,080-7611-6839,ドコモ
木戸 怜奈,きど れいな,Female,48,1968/2/14,既婚,岩手県,080-7037- 653,ドコモ
ほしの 隼士,ほしの しゅんじ,Male,57,1958/11/19,既婚,東京都,080-1211-6302,au
山岸 薫,やまぎし かおる,Female,73,1943/3/26,既婚,青森県,080- 916-8435,au
高村 遥,たかむら はるか,Female,22,1993/10/9,既婚,東京都,080-9337-4811,ドコモ
水田 誠治,みずた せいじ,Male,42,1974/6/15,既婚,東京都,090-6862-3541,au
島崎 一徳,しまざき いっとく,Male,41,1975/8/3,既婚,埼玉県,090-9323-6798,ドコモ
長谷川 優,はせがわ ゆう,Male,46,1969/11/13,既婚,長崎県,090-1876- 577,ソフトバンク
川田 勝久,かわた かつひさ,Male,77,1939/6/17,既婚,北海道,080-1685- 462,ソフトバンク
前野 光,まえの ひかる,Female,48,1967/11/18,既婚,鹿児島県,080-7752-1978,ソフトバンク
大城 真一,おおしろ しんいち,Male,80,1936/9/19,既婚,広島県,080-8164- 873,ソフトバンク
城田 美帆,しろた みほ,Female,36,1980/5/20,既婚,長崎県,090-2753-6129,ドコモ
野呂 佳乃,のろ よしの,Female,69,1946/11/17,既婚,佐賀県,080-1159-3770,ドコモ
海野 エリカ,うみの えりか,Female,26,1990/5/29,既婚,青森県,090-2565-7249,au
石川 守,いしかわ まもる,Male,21,1995/4/2,未婚,群馬県,090-8273-4788,au
宮下 あさみ,みやした あさみ,Female,33,1983/3/6,既婚,京都府,090-2816-2239,ドコモ
曽我 賢二,そが けんじ,Male,28,1988/9/23,既婚,東京都,090-3737-3477,ドコモ
大庭 宏行,おおにわ ひろゆき,Male,61,1955/3/29,既婚,広島県,090-6440-7979,au
原田 優一,はらだ ゆういち,Male,24,1992/6/23,未婚,北海道,090-4805-5867,ドコモ
正木 あき,まさき あき,Female,79,1937/2/24,既婚,神奈川県,080-3496-5469,ドコモ
西 耕司,にし こうじ,Male,42,1974/4/11,既婚,千葉県,080-6162-3315,ドコモ
吉永 奈月,よしなが なつき,Female,74,1942/7/22,既婚,北海道,080-8922-4858,au
ほしの 彩,ほしの あや,Female,74,1941/11/8,既婚,神奈川県,080-8585-9133,ドコモ
葛西 フミヤ,かさい ふみや,Male,46,1969/10/12,既婚,福岡県,080-4934-7707,au
中園 広之,なかぞの ひろゆき,Male,61,1954/12/5,既婚,東京都,090-9908-7873,ソフトバンク
川口 薫,かわぐち かおる,Male,21,1995/9/3,未婚,大阪府,090-9492-9837,ドコモ
成海 理紗,なるみ りさ,Female,51,1964/11/16,既婚,神奈川県,080-6450-5272,ドコモ
内村 理紗,うちむら りさ,Female,33,1983/5/16,既婚,三重県,080- 372-9803,ソフトバンク
宍戸 菜摘,ししど なつみ,Female,62,1954/7/26,既婚,千葉県,090-1687-9608,au
中尾 優,なかお ゆう,Female,24,1992/7/17,未婚,長野県,090-5995-4425,ドコモ
日比野 法嗣,ひびの ほうし,Male,25,1991/9/12,既婚,奈良県,080-6010-7712,ドコモ
寺岡 一輝,てらおか かずき,Male,58,1958/2/2,既婚,新潟県,090-9113-3829,ドコモ
藤木 進,ふじき すすむ,Male,80,1935/12/15,既婚,長野県,090-6854-1044,ドコモ
橋口 洋,はしぐち よう,Male,52,1964/9/21,未婚,神奈川県,080-7958-4265,ドコモ
依田 ジョージ,よりた じょーじ,Male,72,1944/6/29,既婚,大阪府,090-2425-9062,au
塚本 美幸,つかもと みゆき,Female,78,1938/6/27,既婚,静岡県,090-1311-7362,ドコモ
深田 隼士,ふかだ しゅんじ,Male,71,1944/11/7,既婚,千葉県,080-4595-8669,ソフトバンク
阿部 敦,あべ あつし,Male,52,1964/4/21,既婚,東京都,080-9279-9609,ソフトバンク
田村 雅之,たむら まさゆき,Male,37,1978/10/11,既婚,埼玉県,080-7333-9726,ドコモ
パンツェッタ 勤,ぱんつぇった つとむ,Male,70,1946/9/23,既婚,岡山県,080- 325-5702,au
上田 そら,うえだ そら,Female,42,1974/9/11,既婚,千葉県,080-6251-7556,ソフトバンク
高村 信輔,たかむら しんすけ,Male,51,1965/6/13,既婚,神奈川県,080-7302-3857,ドコモ
豊原 恭子,とよはら きょうこ,Female,31,1985/4/1,既婚,熊本県,080-2540-3916,ドコモ
畠山 まみ,はたやま まみ,Female,69,1947/9/9,既婚,北海道,080- 871- 396,ドコモ
高島 あい,たかしま あい,Female,30,1986/1/9,既婚,千葉県,080- 644-8240,au
渡辺 真悠子,わたなべ まゆこ,Female,48,1968/6/17,既婚,兵庫県,090-7746-4804,ドコモ
福本 奈々,ふくもと なな,Female,55,1960/11/2,既婚,東京都,090-3581- 890,ドコモ
古田 精児,ふるた せいじ,Male,69,1947/7/25,既婚,福岡県,090-3737-4988,ドコモ
竹本 賢二,たけもと けんじ,Male,27,1988/11/26,未婚,東京都,090-2788-9858,au
桑原 隆太,くわばら りゅうた,Male,53,1963/8/15,既婚,奈良県,090-7498-5746,ドコモ
神保 麗奈,じんぼ れな,Female,49,1966/12/28,既婚,兵庫県,090- 789-1638,ドコモ
丸田 薫,まるた かおる,Male,71,1945/9/30,既婚,島根県,080- 272-1392,ドコモ
花田 真吾,はなだ しんご,Male,68,1948/2/11,既婚,愛知県,080-4834-6096,au
内山 敏也,うちやま としや,Male,61,1955/3/4,既婚,宮城県,080-9750-6088,au
森 友以乃,もり ゆいの,Female,67,1949/6/2,既婚,宮城県,090-7961-3829,ドコモ
松山 恵梨香,まつやま えりか,Female,80,1936/2/10,既婚,京都府,080-2421-2777,au
浅田 裕次郎,あさだ ゆうじろう,Male,64,1951/11/11,既婚,福井県,080- 628-2943,ドコモ
相川 由宇,あいかわ ゆう,Female,38,1978/2/23,既婚,大阪府,080-8484-3602,ドコモ
野中 秀隆,のなか ひでたか,Male,31,1984/10/27,未婚,東京都,090-1274- 269,ドコモ
吉原 雅彦,よしわら まさひこ,Male,78,1937/11/20,既婚,秋田県,090-6530-1365,au
野島 あおい,のじま あおい,Female,58,1958/3/4,既婚,岐阜県,090-7740-9801,au
山村 寛治,やまむら かんじ,Male,50,1966/1/4,既婚,埼玉県,080-1782-2998,au
竹田 徹,たけだ とおる,Male,60,1956/4/20,既婚,埼玉県,090-3526-8655,ドコモ
酒井 エリカ,さかい えりか,Female,45,1970/10/28,既婚,新潟県,090-1665-2046,au
宮崎 健,みやざき けん,Male,26,1990/5/14,既婚,埼玉県,090-3346-7949,ソフトバンク
小川 咲,おがわ さき,Female,21,1995/3/25,未婚,山口県,080-5969-7932,ツーカー
田原 あおい,たはら あおい,Female,63,1953/7/16,既婚,福島県,080-1360-2894,au
田島 仁,たじま じん,Male,20,1996/4/30,既婚,静岡県,090-5697-5207,ドコモ
松谷 さやか,まつたに さやか,Female,51,1965/3/12,既婚,富山県,080-2809-2907,ドコモ
河原 恵子,かわはら けいこ,Female,28,1988/4/17,既婚,千葉県,090-5071-6122,ドコモ
小坂 将也,こざか まさや,Male,72,1943/11/14,既婚,沖縄県,080-5562-8757,ドコモ
山岡 結衣,やまおか ゆい,Female,57,1959/9/26,既婚,兵庫県,080-4881-4664,ドコモ
平沢 華子,ひらさわ はなこ,Female,22,1994/7/5,未婚,北海道,080-2348-9706,ソフトバンク
小野 ジローラモ,おの じろーらも,Male,27,1988/10/11,未婚,静岡県,090-2584-9708,au
勝田 一輝,かつだ かずき,Male,75,1940/10/29,既婚,兵庫県,080-7054-9151,ドコモ
藤井 扶樹,ふじい もとき,Male,53,1962/12/7,既婚,埼玉県,090-5190-9116,ドコモ
中村 恭子,なかむら きょうこ,Female,26,1990/8/20,未婚,福井県,080-9643-2601,ドコモ
成田 寿々花,なりた すずか,Female,73,1943/6/9,既婚,愛知県,080-5044-5509,au
石原 幸平,いしはら こうへい,Male,59,1956/11/30,既婚,佐賀県,090-3712-6772,ツーカー
桜田 隆博,さくらだ たかひろ,Male,50,1965/12/19,既婚,神奈川県,090-6121-7987,au
岩永 三郎,いわなが さぶろう,Male,67,1949/9/28,既婚,静岡県,090-8762-3235,ドコモ
瀬戸内 一徳,せとうち いっとく,Male,33,1983/7/16,既婚,大阪府,080-9394-2320,ドコモ
生瀬 勝久,なませ かつひさ,Male,54,1962/7/13,既婚,東京都,080-5610-4422,au
結城 菜摘,ゆうき なつみ,Female,46,1970/6/1,既婚,北海道,080- 239-5095,au
石本 愛子,いしもと あいこ,Female,62,1953/12/4,既婚,山口県,080-8257-3797,ドコモ
武 一哉,たけ かずや,Male,47,1968/10/8,未婚,神奈川県,080-8633-4907,ドコモ
石丸 哲平,いしまる てっぺい,Male,36,1980/5/13,既婚,新潟県,080-8815-5755,ドコモ
一青 路子,ひとと みちこ,Female,20,1996/7/26,未婚,広島県,090-4189-6009,ソフトバンク
土屋 那奈,つちや なな,Female,58,1958/10/4,未婚,福岡県,090-3811-4181,ドコモ
石井 研二,いしい けんじ,Male,46,1970/7/3,既婚,兵庫県,090-2752-6838,ドコモ
水島 賢治,みずしま けんじ,Male,80,1936/9/11,既婚,兵庫県,080- 359-1733,ドコモ
山内 六郎,やまうち ろくろう,Male,72,1944/9/28,既婚,長崎県,090-9420-7517,ドコモ
梅沢 祐一,うめざわ ゆういち,Male,72,1944/7/27,既婚,埼玉県,080-9306-4674,ドコモ
菅谷 一代,すがや かずよ,Female,43,1973/5/1,既婚,千葉県,080-4432-6811,au
下山 涼,しもやま りょう,Female,35,1981/6/4,既婚,神奈川県,080-9479- 553,au
保坂 碧海,ほさか おうが,Male,21,1995/4/16,既婚,福岡県,080-3362-  93,ドコモ
西沢 俊二,にしざわ しゅんじ,Male,74,1942/9/3,既婚,鹿児島県,090-2655-8202,ドコモ
明石家 亜希,あかしや あき,Female,79,1936/12/28,既婚,大阪府,080-1513-5606,au
高柳 あい,たかやなぎ あい,Female,46,1970/9/21,未婚,静岡県,080-2775-1341,ドコモ
海野 広之,うみの ひろゆき,Male,43,1973/2/3,既婚,北海道,080-4302-6762,ドコモ
菅沼 栄一,すがぬま えいいち,Male,27,1989/4/20,未婚,京都府,080-5300-8653,ツーカー
広末 淳子,ひろすえ あつこ,Female,51,1965/3/14,既婚,和歌山県,090- 713-3340,ドコモ
安倍 恵梨香,あべ えりか,Female,33,1983/8/29,既婚,兵庫県,080-3377-4360,ソフトバンク
河田 涼,かわた りょう,Female,68,1948/8/21,既婚,東京都,090-5702-4266,ドコモ
岩佐 真帆,いわさ まほ,Female,60,1956/1/3,既婚,北海道,080-6715-4297,ソフトバンク
坂東 芳正,ばんとう よしまさ,Male,27,1989/1/10,未婚,北海道,080-9597-9145,ソフトバンク
今田 まさみ,いまだ まさみ,Female,61,1955/3/23,既婚,埼玉県,080-6754-3022,au
小林 ひとみ,こばやし ひとみ,Female,38,1977/12/8,既婚,三重県,080-8189-4925,ドコモ
村山 昌代,むらやま まさよ,Female,35,1981/9/30,既婚,栃木県,090-7790-7832,ソフトバンク
吉崎 大,よしざき まさる,Male,49,1967/10/3,既婚,東京都,080-6285-7932,au
玉城 愛梨,たまき あいり,Female,67,1949/7/1,既婚,茨城県,090-8273-5478,au
井手 俊二,いで しゅんじ,Male,62,1953/11/11,既婚,静岡県,090-9980-  91,ドコモ
熊倉 大,くまくら まさる,Male,22,1993/12/13,未婚,北海道,080-9473-7080,ドコモ
杉本 遥,すぎもと はるか,Female,47,1969/6/5,既婚,北海道,090-8896-1389,ドコモ
今村 ジローラモ,いまむら じろーらも,Male,51,1965/1/18,未婚,岡山県,090- 129-6046,ドコモ
植木 法嗣,うえき ほうし,Male,27,1989/9/29,未婚,神奈川県,090-8964-8596,ドコモ
細井 康文,ほそい やすふみ,Male,63,1953/3/15,既婚,奈良県,080-5524-2852,au
泉 鉄洋,いずみ てつひろ,Male,44,1972/6/22,既婚,大阪府,080-9209-2856,ソフトバンク
神谷 誠一,かみや せいいち,Male,70,1946/8/25,既婚,福島県,090-7769-9269,ドコモ
森井 沙耶,もりい さや,Female,63,1953/4/1,既婚,静岡県,080-2195-6098,ドコモ
井川 えみ,いがわ えみ,Female,29,1987/6/19,既婚,長野県,090- 750-3005,ソフトバンク
荻野 亜希,おぎの あき,Female,43,1973/2/23,既婚,大阪府,090-7546-8229,au
外山 丈雄,そとやま たけお,Male,38,1977/12/28,既婚,大阪府,090-8409-1857,ソフトバンク
上原 鉄二,うえはら てつじ,Male,38,1977/10/27,未婚,神奈川県,080-1037-3706,ソフトバンク
青山 薫,あおやま かおる,Female,64,1951/11/23,既婚,兵庫県,080-8595-4220,ドコモ
末吉 あおい,すえきち あおい,Female,43,1973/9/5,既婚,神奈川県,080-8364-7544,ドコモ
臼井 礼子,うすい れいこ,Female,74,1941/12/19,既婚,千葉県,090-6786- 303,ドコモ
今田 耕司,いまだ こうじ,Male,74,1942/5/2,既婚,兵庫県,080-2696-6801,ドコモ
秋本 京子,あきもと きょうこ,Female,63,1953/8/26,未婚,大阪府,090-4451-5524,ドコモ
高柳 彩華,たかやなぎ あやか,Female,29,1987/5/2,既婚,長崎県,090-8542-4384,ドコモ
谷 みき,たに みき,Female,49,1967/8/30,既婚,千葉県,090-5742-4440,ドコモ
鹿手袋 小雁,しかてぶくろ こがん,Male,23,1993/9/8,未婚,石川県,080-1392-7445,ドコモ
相原 えみ,あいはら えみ,Female,54,1962/5/6,既婚,岡山県,090-3549-  69,au
板垣 育子,いたがき いくこ,Female,49,1966/10/22,既婚,東京都,090-2867-2755,au
永井 彩華,ながい あやか,Female,79,1937/3/21,既婚,岡山県,080-1765-9703,ドコモ
永野 エリカ,ながの えりか,Female,69,1947/6/3,既婚,埼玉県,080-4906-6270,au
川本 瑠璃亜,かわもと るりあ,Female,33,1982/12/8,未婚,茨城県,080-4804-4205,ドコモ
綾瀬 はるみ,あやせ はるみ,Female,74,1942/8/24,既婚,大阪府,080-3703-3595,ソフトバンク
大川 ひとり,おおかわ ひとり,Male,27,1989/1/22,未婚,東京都,090-8110-3391,au
新田 徹,あらた とおる,Male,53,1963/9/1,既婚,和歌山県,080-4741-2254,ソフトバンク
富田 満,とみた みつる,Male,35,1981/4/7,既婚,鹿児島県,080-4483-5367,ドコモ
水上 砂羽,みずかみ さわ,Female,33,1983/8/20,未婚,岩手県,080-4338-5541,ドコモ
神田 美咲,かんだ みさき,Female,44,1972/4/20,既婚,埼玉県,090- 599-2681,ドコモ
西谷 完爾,にしや かんじ,Male,76,1940/1/6,既婚,奈良県,080- 650-1283,ドコモ
五大 ノブヒコ,ごだい のぶひこ,Male,67,1949/7/21,既婚,千葉県,090-6057-2786,ドコモ
村瀬 知世,むらせ ちせ,Female,36,1980/4/21,既婚,新潟県,090-7996-7129,au
長谷部 未華子,はせべ みかこ,Female,46,1970/4/8,既婚,千葉県,090-3744-4677,ドコモ
氏家 太朗,うじいえ たろう,Male,80,1936/1/11,既婚,愛媛県,080-2768-6883,ドコモ
八木 麗奈,やぎ れな,Female,57,1959/6/29,既婚,福島県,090-5110-7574,au
美輪 浩介,みわ こうすけ,Male,65,1951/1/11,既婚,埼玉県,090-7021-  47,ドコモ
村井 功補,むらい こうすけ,Male,30,1986/5/15,既婚,神奈川県,090-7285-1273,au
古山 裕次郎,ふるやま ゆうじろう,Male,69,1947/8/1,既婚,鹿児島県,080-7080-9045,ドコモ
佐々木 豊,ささき ゆたか,Male,58,1957/10/30,既婚,長崎県,090- 665-1175,ドコモ
藤井 マサカズ,ふじい まさかず,Male,33,1983/5/16,既婚,岡山県,090-9204-5615,ドコモ
宮地 直人,みやじ なおと,Male,42,1973/11/22,既婚,広島県,080-5772-4091,ドコモ
長野 一輝,ながの かずき,Male,41,1975/3/25,既婚,福岡県,090-2489-9518,au
今西 俊介,いまにし しゅんすけ,Male,69,1947/7/1,既婚,東京都,080-6805-3737,au
小寺 守,こでら まもる,Male,51,1965/8/20,既婚,新潟県,080- 760-9125,ドコモ
高野 満,たかの みつる,Male,40,1976/5/18,既婚,宮城県,080-6313-7272,ドコモ
片山 愛梨,かたやま あいり,Female,52,1964/3/12,既婚,香川県,090- 203-4479,au
石沢 寿明,いしざわ としあき,Male,26,1989/10/7,既婚,岩手県,090- 945-6399,ドコモ
恩田 みゆき,おんだ みゆき,Female,30,1985/10/11,既婚,岐阜県,090-7950-9193,ドコモ
野沢 エリカ,のざわ えりか,Female,23,1993/8/19,既婚,和歌山県,090-2090-8405,au
土橋 完爾,つちはし かんじ,Male,64,1951/10/29,既婚,北海道,090-8703-7984,ドコモ
吉井 花,よしい はな,Female,28,1987/12/3,未婚,兵庫県,080-7629-4039,au
大高 璃奈子,おおだか りなこ,Female,48,1968/2/13,既婚,東京都,090-1819-1774,ドコモ
中沢 真奈美,なかざわ まなみ,Female,72,1944/8/2,既婚,大阪府,090-1775- 346,ドコモ
井口 惇,いぐち あつし,Male,63,1953/7/9,既婚,静岡県,090-  14-2084,au
米沢 光洋,よねざわ みつひろ,Male,52,1964/6/6,既婚,岩手県,090-9216-7495,au
片山 明,かたやま あきら,Male,47,1969/8/1,既婚,兵庫県,090-3072- 985,ソフトバンク
服部 紗季,はっとり さき,Female,51,1965/7/13,既婚,愛知県,090-7457-9219,au
高畑 俊二,たかはた しゅんじ,Male,46,1970/6/16,既婚,愛知県,080-5548-2016,ドコモ
生田 真一,なまた しんいち,Male,36,1980/9/4,既婚,千葉県,080-7326-6785,au
菊田 将也,きくた まさや,Male,76,1940/4/30,既婚,兵庫県,090-6557-1391,ソフトバンク
森山 康文,もりやま やすふみ,Male,45,1971/6/12,既婚,愛媛県,090-6196-6364,au
五十嵐 俊介,いがらし しゅんすけ,Male,63,1953/9/12,既婚,山口県,080-2226-7366,ドコモ
平塚 祐基,ひらつか ゆうき,Male,44,1972/8/20,既婚,兵庫県,080-1407-9350,ドコモ
藤山 淳,ふじやま あつし,Male,29,1986/12/29,既婚,東京都,090-7351-8888,ドコモ
佐野 美紀,さの みき,Female,22,1994/6/4,既婚,青森県,090-2823-4503,au
西尾 小百合,にしお さゆり,Female,71,1945/6/15,既婚,愛知県,080-2161-2595,au
稲垣 圭,いながき けい,Male,72,1944/2/11,既婚,愛知県,080-3297-9840,ドコモ
諏訪 景子,すわ けいこ,Female,76,1940/1/1,既婚,大阪府,090-2957-9853,ドコモ
市原 美幸,いちはら みゆき,Female,73,1943/6/14,既婚,千葉県,080-4104- 907,ドコモ
阿久津 菜々美,あくつ ななみ,Female,62,1954/7/25,既婚,兵庫県,090-1604-2839,au
長谷 ヒロ,ながや ひろ,Male,50,1966/6/8,既婚,京都府,090-9145- 479,au
上村 花緑,うえむら かろく,Male,28,1988/7/28,既婚,東京都,090-8582- 685,au
永井 恵望子,ながい えみこ,Female,74,1942/1/12,既婚,滋賀県,090-6881-2831,au
黒沢 光,くろさわ ひかる,Male,68,1948/7/20,既婚,鹿児島県,080-7434-3364,ドコモ
伊藤 知世,いとう ちせ,Female,50,1966/9/8,既婚,三重県,090-2554-3508,ドコモ
田沢 くるみ,たざわ くるみ,Female,31,1985/6/1,既婚,静岡県,080-5004-2410,au
岸本 宏行,きしもと ひろゆき,Male,55,1961/5/21,既婚,福岡県,080-5314-2983,au
田淵 鉄洋,たぶち てつひろ,Male,58,1958/9/23,既婚,東京都,080-1899-3596,au
熊沢 美優,くまさわ みゅう,Female,45,1970/11/24,既婚,岐阜県,080-5323-9759,ソフトバンク
野沢 さとみ,のざわ さとみ,Female,54,1962/3/30,既婚,神奈川県,080-1012-7477,ドコモ
細山 美嘉,ほそやま みか,Female,65,1951/4/3,既婚,大阪府,090-4839-5321,ドコモ
美木 拓郎,みき たくろう,Male,70,1946/3/29,既婚,徳島県,090-8877-9105,au
野本 豊,のもと ゆたか,Male,25,1991/9/27,既婚,北海道,090-4645-9859,ドコモ
多岐川 淳,たきがわ あつし,Male,57,1959/7/28,既婚,東京都,090-4914-8406,au
安倍 優,あべ ゆう,Female,35,1981/7/6,既婚,大阪府,090-2949-3928,ドコモ
神保 そら,じんぼ そら,Female,33,1983/1/16,既婚,愛媛県,080-7386-7451,ドコモ
前田 未來,まえだ みらい,Male,70,1946/9/15,既婚,秋田県,080-8138-7100,ツーカー
菊池 ヒカル,きくち ひかる,Female,48,1968/6/29,既婚,東京都,090-2111- 436,au
香椎 崇史,かしい たかし,Male,43,1973/2/17,未婚,栃木県,080-9432- 258,au
宮川 沙知絵,みやかわ さちえ,Female,77,1939/3/11,既婚,岩手県,090- 581-6293,au
土田 剛基,つちだ よしき,Male,57,1958/10/14,既婚,鹿児島県,080- 563-3498,au
岩間 恵美,いわま めぐみ,Female,43,1973/4/27,既婚,兵庫県,080-8215-2813,au
本間 幸子,ほんま さちこ,Female,72,1944/3/10,既婚,北海道,080-1176-6512,ドコモ
角田 ヒロ,かどた ひろ,Male,73,1942/11/29,既婚,宮城県,090-1002-4649,ドコモ
車 礼子,くるま れいこ,Female,40,1976/1/21,既婚,東京都,080-8613-3060,ドコモ
野口 隆博,のぐち たかひろ,Male,20,1996/4/30,未婚,福井県,090-9715-5879,ソフトバンク
大槻 ケンイチ,おおつき けんいち,Male,29,1986/12/23,既婚,東京都,080-9148-5423,au
宍戸 友也,ししど ともや,Male,38,1978/5/5,既婚,大阪府,080-5280- 717,ソフトバンク
香川 ひろ子,かがわ ひろこ,Female,31,1984/11/9,既婚,北海道,090-2623-8785,ドコモ
丸田 ヒロ,まるた ひろ,Male,53,1963/1/2,既婚,東京都,090-6682-3594,ソフトバンク
長井 法子,ながい のりこ,Female,24,1992/5/24,既婚,東京都,090-7683-9231,ドコモ
一青 早紀,ひとと さき,Female,47,1968/12/20,既婚,東京都,080-4084-2148,au
清水 未來,しみず みらい,Female,79,1937/4/26,既婚,大阪府,080-6586-2418,ドコモ
浜崎 華子,はまさき はなこ,Female,58,1958/6/22,既婚,東京都,090-4500-3660,ドコモ
高見 たまき,たかみ たまき,Female,57,1959/3/10,既婚,香川県,080-8686-3106,au
原口 剛基,はらぐち よしき,Male,39,1977/1/19,未婚,東京都,080-5515-7171,ドコモ
神崎 洋介,かんざき ようすけ,Male,58,1958/6/7,既婚,愛媛県,080- 322-8494,ドコモ
細田 直人,ほそだ なおと,Male,41,1975/2/2,既婚,茨城県,080-4119-9876,au
草野 美里,くさの みり,Female,52,1964/9/14,既婚,神奈川県,080-5868- 803,au
佐々木 そら,ささき そら,Female,24,1992/8/18,未婚,愛知県,080-2713-7472,ドコモ
島田 一,しまだ はじめ,Male,42,1974/1/20,既婚,長野県,090- 187-6674,ドコモ
大津 勤,おおつ つとむ,Male,76,1940/4/17,既婚,福岡県,080-2823-3884,ドコモ
土屋 めぐみ,つちや めぐみ,Female,22,1994/3/30,既婚,愛知県,080-6640-2825,ドコモ
神戸 有海,こうべ あみ,Female,62,1953/11/23,既婚,大阪府,080-8907-6219,ドコモ
坂上 芽以,さかがみ めい,Female,37,1979/5/14,既婚,京都府,090-7173-8921,ドコモ
岩下 大,いわした まさる,Male,72,1944/4/7,既婚,福島県,090-9998-5953,ドコモ
長崎 鉄洋,ながさき てつひろ,Male,70,1946/3/4,既婚,熊本県,080-1766-9853,ドコモ
川合 ちえみ,かわい ちえみ,Female,70,1945/12/27,既婚,岩手県,080-5655-7136,au
石塚 公顕,いしづか きみあき,Male,45,1970/10/19,既婚,宮城県,080-3781- 511,ツーカー
鶴岡 小百合,つるおか さゆり,Female,50,1965/12/20,既婚,佐賀県,090-4908-6941,ドコモ
平田 洋介,ひらた ようすけ,Male,27,1989/5/10,未婚,大分県,080-5412-6736,ソフトバンク
若松 高史,わかまつ たかし,Male,79,1937/7/22,既婚,石川県,080-2518-3026,au
奥寺 有海,おくでら あみ,Female,37,1979/5/27,既婚,岐阜県,080-3518-6436,ドコモ
杉浦 光臣,すぎうら みつおみ,Male,48,1968/7/24,既婚,山口県,080-5945-6102,ドコモ
森川 彩,もりかわ あや,Female,44,1972/8/19,既婚,長崎県,080- 694-4796,ドコモ
北山 桃子,きたやま ももこ,Female,49,1967/8/3,既婚,大阪府,080-8905-4634,ソフトバンク
奥野 祐一,おくの ゆういち,Male,62,1954/2/25,既婚,愛知県,090-9397-7190,ドコモ
矢島 未華子,やじま みかこ,Female,42,1974/5/24,既婚,和歌山県,090-3382-1860,au
飯田 佳乃,いいだ よしの,Female,43,1973/4/26,既婚,東京都,080-8347-2736,ドコモ
森山 竜也,もりやま たつや,Male,78,1938/5/13,既婚,滋賀県,080-1329-3259,ドコモ
寺脇 優,てらわき ゆう,Male,33,1983/9/22,既婚,大阪府,090- 310- 482,au
秋山 和之,あきやま かずゆき,Male,58,1957/12/4,既婚,千葉県,090-  80-5225,ドコモ
青木 芽以,あおき めい,Female,73,1942/12/22,既婚,東京都,080-8631-8914,ドコモ
塩見 ケンイチ,しおみ けんいち,Male,80,1936/7/26,既婚,福井県,090-1832-3004,ドコモ
吹越 誠一,ふきこし せいいち,Male,55,1961/9/4,既婚,静岡県,090-6624-7898,au
角田 隆太,かどた りゅうた,Male,52,1964/5/5,既婚,沖縄県,090-7171-7982,ドコモ
山元 美希,やまもと みき,Female,78,1938/1/4,既婚,千葉県,090-9096- 264,ドコモ
木村 信輔,きむら しんすけ,Male,54,1961/11/22,既婚,千葉県,080-5803-1065,ソフトバンク
山崎 りえ,やまざき りえ,Female,26,1990/2/1,既婚,広島県,080-8885-8017,ドコモ
島袋 真奈美,しまぶくろ まなみ,Female,54,1961/10/16,既婚,愛媛県,090-4205- 306,ドコモ
奥野 綾,おくの あや,Female,52,1964/10/5,既婚,北海道,090-3315-5631,au
星 小雁,ほし こがん,Male,28,1988/8/21,既婚,佐賀県,090-9933-6964,ドコモ
足立 裕司,あだち ゆうじ,Male,58,1958/2/3,既婚,大阪府,080-5990-  39,au
須田 丈雄,すだ たけお,Male,80,1936/5/1,既婚,福岡県,080-5735-4958,ドコモ
大和田 秀樹,おおわだ ひでき,Male,21,1995/2/10,未婚,青森県,080-8209-3798,ソフトバンク
黒木 窈,くろき よう,Female,61,1955/3/18,既婚,青森県,080-3566-4111,ドコモ
池畑 達士,いけはた たつひと,Male,66,1949/12/3,既婚,兵庫県,090-1694-4403,ソフトバンク
川村 ノブヒコ,かわむら のぶひこ,Male,21,1995/3/4,未婚,大阪府,080-8853-7695,ドコモ
笹原 美佐子,ささはら みさこ,Female,28,1987/11/13,未婚,岐阜県,080-  76-8979,ソフトバンク
染谷 和久,そめや かずひさ,Male,74,1942/6/15,既婚,愛知県,080-9171-9612,ソフトバンク
ともさか 圭,ともさか けい,Male,31,1985/4/4,既婚,東京都,080- 818-9468,ドコモ
北田 秀樹,きただ ひでき,Male,77,1939/9/30,既婚,岡山県,090-8663-6062,ドコモ
勝地 孝太郎,かつぢ こうたろう,Male,52,1964/6/8,未婚,北海道,080-1948-9044,ソフトバンク
益岡 愛菜,ますおか あいな,Female,46,1970/4/1,既婚,兵庫県,080- 179- 700,au
宇都宮 明宏,うつのみや あきひろ,Male,61,1955/2/5,既婚,神奈川県,080-9029-5737,ドコモ
岡 理紗,おか りさ,Female,32,1984/9/7,既婚,茨城県,090-1175-1202,ドコモ
邑野 りえ,むらの りえ,Female,79,1937/6/17,既婚,東京都,080-7386-4264,au
澤田 莉沙,さわだ りさ,Female,20,1995/11/2,未婚,岐阜県,080-6937-8704,ソフトバンク
窪田 ヒロ,くぼた ひろ,Male,77,1939/6/24,既婚,青森県,080-2555-1676,au
浅野 涼,あさの りょう,Female,45,1971/9/21,既婚,宮城県,090-5622-9827,ドコモ
白鳥 精児,しらとり せいじ,Male,59,1957/7/2,既婚,山口県,090-8335-6826,ドコモ
小杉 杏,こすぎ あん,Female,43,1973/9/30,既婚,青森県,090-4012-3952,ドコモ
橘 恵美,たちばな めぐみ,Female,22,1994/8/26,既婚,新潟県,080-6708-7636,au
青山 輝信,あおやま あきのぶ,Male,57,1959/2/14,既婚,宮崎県,080- 689-6023,ソフトバンク
照井 瑠璃亜,てるい るりあ,Female,28,1987/12/17,既婚,大阪府,090-7148-3924,ドコモ
中野 みき,なかの みき,Female,29,1987/5/9,既婚,岡山県,080-4593-7494,ドコモ
三宅 孝太郎,みやけ こうたろう,Male,64,1952/8/11,既婚,石川県,080-4577-6912,ドコモ
桑田 夏空,くわた そら,Female,26,1990/3/17,既婚,大阪府,080-1646-5001,ドコモ
大滝 三郎,おおたき さぶろう,Male,54,1962/9/27,既婚,静岡県,080-5417-9663,au
山上 あや子,やまがみ あやこ,Female,31,1985/5/8,既婚,高知県,090- 226-8063,ドコモ
大田 満,おおた みつる,Male,43,1973/2/7,未婚,神奈川県,080-9754-5454,ドコモ
石沢 扶樹,いしざわ もとき,Male,25,1990/12/13,既婚,兵庫県,080-7877-3479,ドコモ
庄司 めぐみ,しょうじ めぐみ,Female,20,1996/5/31,未婚,茨城県,090-4697-3583,au
中川 隆太,なかがわ りゅうた,Male,51,1964/10/10,既婚,兵庫県,080-6633-5152,ドコモ
西谷 美智子,にしや みちこ,Female,51,1965/6/10,既婚,千葉県,090-9477-4257,ドコモ
飯田 寛,いいだ ひろし,Male,61,1954/10/30,既婚,愛知県,080-2793-3820,au
浜 昴,はま すばる,Male,75,1940/11/19,既婚,千葉県,080-6767-6049,ソフトバンク
加藤 なつみ,かとう なつみ,Female,29,1987/4/15,既婚,熊本県,090-8850-1627,ドコモ
井出 麗奈,いで れな,Female,39,1976/10/24,既婚,北海道,090-7035- 957,ドコモ
竹中 一樹,たけなか かずき,Male,77,1939/5/8,既婚,東京都,090- 633-1578,ソフトバンク
米倉 真一,よねくら しんいち,Male,31,1984/10/10,既婚,千葉県,080-3537-3302,ドコモ
萩原 大,はぎわら まさる,Male,65,1950/11/17,既婚,京都府,090-1433-1749,au
柄本 正義,えもと まさよし,Male,36,1979/11/21,未婚,宮崎県,090-4821-9644,ドコモ
園田 洋,そのだ よう,Male,33,1982/12/16,未婚,神奈川県,090-7134-8611,ドコモ
福地 仁,ふくち じん,Male,49,1967/1/18,既婚,群馬県,090-9206-7427,ドコモ
松永 三省,まつなが さんせい,Male,37,1979/3/11,未婚,宮城県,080-1963-3033,ドコモ
大村 早織,おおむら さおり,Female,23,1992/11/25,未婚,大阪府,090-1889- 435,ドコモ
前田 聡,まえだ さとし,Male,73,1943/3/22,既婚,岡山県,090-3564-6395,au
パンツェッタ 真一,ぱんつぇった しんいち,Male,44,1972/8/17,既婚,福岡県,080-9807-9024,ドコモ
坪井 克実,つぼい かつみ,Male,41,1975/2/19,既婚,滋賀県,090-8610-2811,ドコモ
小堀 剛基,こほり よしき,Male,38,1978/7/7,既婚,新潟県,080-2388-2814,ドコモ
藤崎 豊,ふじさき ゆたか,Male,26,1990/7/11,未婚,東京都,090-6114-6702,au
柴山 まなみ,しばやま まなみ,Female,71,1944/12/19,既婚,福岡県,080-7748-2851,ドコモ
益田 彩華,ますだ あやか,Female,39,1977/7/5,既婚,新潟県,080-4976-2928,ドコモ
今 雄太,いま ゆうた,Male,71,1945/3/12,既婚,千葉県,090-3730-9266,au
花田 雅彦,はなだ まさひこ,Male,46,1970/9/2,既婚,宮城県,080-5140-9275,ソフトバンク
黒田 愛梨,くろた あいり,Female,77,1938/11/7,既婚,山梨県,090-1462-9211,au
大谷 雅彦,おおたに まさひこ,Male,66,1950/9/29,既婚,神奈川県,080-7981-8444,ソフトバンク
中村 光良,なかむら てるよし,Male,44,1971/10/25,既婚,長野県,080-5881-8233,ドコモ
松川 恵梨香,まつかわ えりか,Female,31,1985/1/27,既婚,京都府,090-1247-8663,ドコモ
田口 利夫,たぐち としお,Male,75,1940/12/3,既婚,大分県,090-2785-6355,ソフトバンク
中村 えみ,なかむら えみ,Female,22,1994/1/19,既婚,宮城県,090-7016-8755,au
関根 達士,せきね たつひと,Male,30,1986/10/4,既婚,大阪府,090-5614-7915,ドコモ
堀 希,ほり のぞみ,Female,22,1994/7/2,未婚,兵庫県,080-7700-4854,ソフトバンク
三沢 あさみ,みさわ あさみ,Female,24,1992/8/29,未婚,奈良県,090-7190-1684,ソフトバンク
今田 守,いまだ まもる,Male,45,1971/7/14,未婚,栃木県,090-5121-2031,ドコモ
草野 朝香,くさの あさか,Female,45,1970/10/23,既婚,富山県,090-2117-4936,ドコモ
滝本 未華子,たきもと みかこ,Female,36,1980/7/16,既婚,山形県,090-1173-4861,ドコモ
黒田 翔子,くろた しょうこ,Female,56,1959/11/1,未婚,静岡県,090-4479-2008,au
岩谷 進,いわたに すすむ,Male,61,1955/2/10,既婚,徳島県,080-5415-6359,ドコモ
堀口 樹里,ほりぐち じゅり,Female,27,1989/6/12,既婚,兵庫県,080-2802-4393,ドコモ
大西 佳乃,おおにし よしの,Female,48,1968/3/8,既婚,大阪府,090-5305-4903,ソフトバンク
大山 研二,おおやま けんじ,Male,22,1994/8/19,未婚,京都府,090-  57-5651,ドコモ
緒形 隆博,おがた たかひろ,Male,63,1953/3/24,既婚,香川県,090-8529-3502,ソフトバンク
相川 慢太郎,あいかわ まんたろう,Male,57,1959/6/20,既婚,埼玉県,080- 697- 331,ドコモ
石川 佑,いしかわ たすく,Male,70,1946/4/18,既婚,大阪府,080-4067-5339,ツーカー
西 耕司,にし こうじ,Male,49,1967/1/15,未婚,北海道,090-9403-1667,au
遠藤 怜奈,えんどう れいな,Female,64,1952/10/2,既婚,大阪府,090-9291-3663,au
柴田 孝太郎,しばた こうたろう,Male,31,1985/1/5,既婚,千葉県,090-7284-8144,ドコモ
成田 優,なりた ゆう,Female,29,1986/10/24,既婚,愛知県,090-4444-2991,ドコモ
黒岩 聖陽,くろいわ まさあき,Male,77,1939/2/11,既婚,埼玉県,080- 867-3937,ドコモ
西原 美里,にしはら みり,Female,25,1991/7/27,未婚,愛知県,090-3384-2162,ドコモ
乾 浩太郎,いぬい こうたろう,Male,52,1964/5/21,既婚,熊本県,090-7144-2942,ドコモ
藤沢 徹,ふじさわ とおる,Male,37,1978/11/29,既婚,福井県,090- 391-8015,ドコモ
田上 由美子,たうえ ゆみこ,Female,40,1976/3/29,既婚,東京都,090-4387- 430,au
石塚 聖陽,いしづか まさあき,Male,61,1955/9/1,既婚,愛知県,080-7243-1413,ドコモ
梅沢 優,うめざわ ゆう,Male,44,1972/4/14,未婚,長野県,080-3287- 396,au
海老原 隆,えびはら たかし,Male,62,1954/7/24,既婚,兵庫県,080-2594-4966,au
岩村 丈史,いわむら たけし,Male,32,1984/7/27,既婚,大阪府,080-6265- 399,au
町田 翔太,まちだ しょうた,Male,65,1950/10/30,既婚,千葉県,080-6916-4107,ドコモ
牧野 翔太,まきの しょうた,Male,61,1955/4/23,既婚,福岡県,090-4525-9098,au
星野 雅彦,ほしの まさひこ,Male,34,1982/2/24,既婚,東京都,080-1003- 197,au
生瀬 芽以,なませ めい,Female,75,1941/2/17,既婚,東京都,080-2606-4776,ドコモ
西岡 真悠子,にしおか まゆこ,Female,29,1987/3/3,既婚,神奈川県,080-4140-5999,ドコモ
相田 美佳,あいだ みか,Female,21,1994/11/17,未婚,岡山県,080-8759-5941,au
西脇 貴美子,にしわき きみこ,Female,41,1975/2/10,既婚,千葉県,080-9630- 259,au
市村 はじめ,いちむら はじめ,Male,22,1994/5/17,未婚,福島県,080-6549-7550,ドコモ
成田 菜々美,なりた ななみ,Female,62,1954/2/22,既婚,岡山県,090- 370-9195,ソフトバンク
新井 めぐみ,あらい めぐみ,Female,53,1962/12/2,既婚,埼玉県,080-8547-8565,ソフトバンク
佐久間 愛,さくま あい,Female,44,1972/9/22,既婚,大阪府,080-5622-8425,au
釈 隼士,しゃく しゅんじ,Male,43,1973/3/8,既婚,福岡県,080-6888-8404,au
パンツェッタ 大樹,ぱんつぇった ひろき,Male,24,1991/10/14,既婚,埼玉県,080-2009-9338,ドコモ
畠中 圭,はたなか けい,Male,38,1977/12/15,既婚,東京都,080-7824-1370,ドコモ
富岡 朝香,とみおか あさか,Female,61,1955/7/31,未婚,東京都,080-7082-9010,ドコモ
小久保 和香,こくぼ わか,Female,44,1972/6/28,未婚,兵庫県,080-8223-9367,ドコモ
岡田 祐一,おかだ ゆういち,Male,41,1975/3/31,既婚,岐阜県,080-2573-2596,ドコモ
大下 雄太,おおした ゆうた,Male,54,1962/6/12,既婚,北海道,080-1130-4132,au
高瀬 ケンイチ,たかせ けんいち,Male,48,1968/4/13,既婚,北海道,080-6638-1626,ソフトバンク
金井 竜也,かない たつや,Male,34,1982/2/21,未婚,宮城県,090-5246- 774,ツーカー
大竹 たまき,おおたけ たまき,Female,33,1982/12/23,既婚,熊本県,090-  36- 836,ドコモ
藤野 丈雄,ふじの たけお,Male,80,1936/7/19,既婚,北海道,080-9226-4749,au
城田 友也,しろた ともや,Male,25,1991/6/12,未婚,千葉県,080- 253-  10,ドコモ
早坂 陽子,はやさか ようこ,Female,74,1942/8/12,既婚,兵庫県,080-6271-4299,ソフトバンク
谷口 綾女,たにぐち あやめ,Female,42,1974/1/16,既婚,茨城県,090- 104-5909,ドコモ
大場 広司,おおば こうじ,Male,46,1970/7/31,既婚,神奈川県,080-7456- 127,ドコモ
川合 まさし,かわい まさし,Male,63,1953/2/5,既婚,大阪府,080-3271-2598,ソフトバンク
越智 直人,おち なおと,Male,61,1955/9/3,既婚,茨城県,090-3648-3331,ドコモ
根岸 有起哉,ねぎし ゆきや,Male,62,1954/6/18,既婚,福島県,090-8652-6413,ソフトバンク
小玉 菜摘,こだま なつみ,Female,70,1945/12/7,既婚,東京都,090-5732-1743,au
今西 はるか,いまにし はるか,Female,63,1952/12/4,既婚,福岡県,080-8180-4465,ドコモ
平田 和之,ひらた かずゆき,Male,40,1976/3/17,既婚,兵庫県,090-1154-3471,ソフトバンク
林 俊二,はやし しゅんじ,Male,33,1983/7/22,既婚,岩手県,080-9066-2854,ドコモ
相馬 正敏,あいば まさとし,Male,39,1977/3/2,未婚,長野県,090-1494-4896,ドコモ
中園 光臣,なかぞの みつおみ,Male,47,1969/1/25,既婚,静岡県,080-1094-2805,au
石野 光良,いしの てるよし,Male,49,1967/9/6,既婚,東京都,080- 997-8430,ドコモ
西尾 真奈美,にしお まなみ,Female,77,1939/8/29,既婚,東京都,090-2738-9601,au
松井 隼士,まつい しゅんじ,Male,70,1946/7/13,既婚,広島県,090-9529-3183,au
小平 さやか,こひら さやか,Female,21,1995/5/20,未婚,福島県,080-6449- 581,au
片山 光良,かたやま てるよし,Male,26,1990/1/5,未婚,群馬県,090-5538-9082,au
大村 くるみ,おおむら くるみ,Female,76,1940/9/28,既婚,香川県,090-3456-4523,au
黒沢 兼,くろさわ けん,Male,46,1970/3/17,既婚,山形県,090-5004-2213,ドコモ
渋谷 真悠子,しぶや まゆこ,Female,35,1981/5/18,既婚,鹿児島県,080-1892-5500,ソフトバンク
須藤 はるか,すどう はるか,Female,47,1968/10/30,未婚,東京都,090-1352-5964,ドコモ
坂下 そら,さかした そら,Female,52,1964/9/26,既婚,埼玉県,080-8920-9716,ツーカー
宮原 裕司,みやはら ゆうじ,Male,52,1963/11/25,既婚,鹿児島県,090-8586-9083,ソフトバンク
小山 貴嶺,おやま たかね,Male,74,1942/3/16,既婚,東京都,090-7867-3970,ソフトバンク
市原 南朋,いちはら なお,Female,33,1983/5/28,既婚,神奈川県,090-5749-7996,au
板倉 小雁,いたくら こがん,Male,44,1972/8/28,既婚,大分県,090-5142-9215,au
豊島 理紗,とよしま りさ,Female,48,1968/9/8,既婚,東京都,090-5014-6645,ドコモ
長澤 雅之,ながさわ まさゆき,Male,26,1990/6/16,既婚,青森県,080-8886-2164,ドコモ
長島 紗季,ながしま さき,Female,38,1978/9/10,既婚,東京都,090-8368-2673,ドコモ
上条 勇,かみじょう ゆう,Female,55,1960/10/12,既婚,熊本県,090-1966-2093,ドコモ
尾形 鉄洋,おがた てつひろ,Male,22,1994/3/25,未婚,岡山県,090-8994-4090,ドコモ
山内 長利,やまのうち ながとし,Male,39,1977/8/28,未婚,神奈川県,090-5977-8874,ソフトバンク
石倉 和香,いしくら わか,Female,34,1982/4/8,既婚,栃木県,090-2955-5534,ソフトバンク
小野 彩,おの あや,Female,30,1986/6/28,既婚,長野県,090- 438-1834,ドコモ
丹羽 ひとり,たんば ひとり,Male,46,1970/9/3,未婚,青森県,080-4777-7856,ドコモ
井上 和之,いのうえ かずゆき,Male,33,1983/8/21,既婚,千葉県,090-2300-7266,ドコモ
石沢 一徳,いしざわ いっとく,Male,27,1989/2/22,既婚,兵庫県,080-6963-9156,ドコモ
中村 薫,なかむら かおる,Female,20,1996/7/26,未婚,神奈川県,090-5293-5398,au
滝本 れいな,たきもと れいな,Female,21,1994/12/9,未婚,広島県,090-8291-9400,au
高瀬 広司,たかせ こうじ,Male,54,1962/4/3,既婚,神奈川県,090-6429-5214,ソフトバンク
日野 あさみ,ひの あさみ,Female,65,1951/9/21,既婚,群馬県,090-9065-4458,ドコモ
矢沢 かおり,やざわ かおり,Female,57,1958/12/21,既婚,東京都,090-8277-7856,au
内山 悟志,うちやま さとし,Male,44,1972/3/18,既婚,千葉県,080-3202-8857,au
堀川 瞳,ほりかわ ひとみ,Female,70,1946/1/31,既婚,大阪府,090- 282-6344,ドコモ
早美 晃司,はやみ こうじ,Male,30,1986/5/14,既婚,兵庫県,090-7216-9583,au
石黒 夏空,いしぐろ そら,Female,31,1985/6/20,既婚,広島県,080- 565-1007,ドコモ
小堀 竜也,こほり たつや,Male,50,1965/10/11,未婚,愛知県,080-4753-6095,ドコモ
浅井 浩太郎,あさい こうたろう,Male,25,1991/2/3,未婚,愛知県,080-1203-6448,ドコモ
坂野 咲,いたの さき,Female,74,1942/4/30,既婚,大阪府,090-2372-4146,ドコモ
浦野 優,うらの ゆう,Female,47,1969/8/14,既婚,鹿児島県,080-4997-6871,ソフトバンク
森下 美紀,もりした みき,Female,55,1961/7/23,未婚,千葉県,090-7765-3207,au
鬼頭 勇,きとう ゆう,Female,56,1960/5/30,既婚,新潟県,090- 178-2405,au
大沢 沙知絵,おおさわ さちえ,Female,49,1967/1/25,既婚,富山県,090-5487-9092,ドコモ
荒井 誠一,あらい せいいち,Male,59,1956/12/14,既婚,鹿児島県,080-1401-9455,ドコモ
小田島 しぼり,おだじま しぼり,Female,58,1958/1/3,既婚,東京都,090-7664-4948,ドコモ
河原 輝信,かわはら あきのぶ,Male,68,1948/9/4,既婚,北海道,080- 684-3267,au
本山 鉄二,ほんやま てつじ,Male,39,1977/3/1,既婚,新潟県,080-7906-4973,ソフトバンク
寺島 昴,てらしま すばる,Male,77,1939/5/19,既婚,長野県,080- 716- 693,ソフトバンク
梶原 直人,かじわら なおと,Male,36,1980/3/4,既婚,広島県,080-5891-6154,au
柴田 めぐみ,しばた めぐみ,Female,24,1992/8/10,未婚,滋賀県,090-5157-5650,ドコモ
水崎 なぎさ,みさき なぎさ,Female,57,1959/5/8,既婚,神奈川県,090-7764-3887,ドコモ
市川 祐基,いちかわ ゆうき,Male,28,1988/3/11,既婚,埼玉県,090-6180-8956,au
藤村 豊,ふじむら ゆたか,Male,34,1982/2/14,未婚,北海道,090-3571-7656,ドコモ
浜本 美希,はまもと みき,Female,26,1990/10/4,未婚,埼玉県,080-8583-8094,ドコモ
柳 慶二,やなぎ けいじ,Male,28,1988/5/20,既婚,大阪府,080-7521-2876,ソフトバンク
浅見 みあ,あさみ みあ,Female,38,1978/2/10,既婚,東京都,080-2314-1037,ドコモ
伴 完爾,ばん かんじ,Male,33,1983/1/14,未婚,愛知県,090-9816-4720,ドコモ
石橋 えみ,いしばし えみ,Female,68,1948/8/21,既婚,神奈川県,080-1185-1512,ドコモ
水上 慢太郎,みずかみ まんたろう,Male,31,1984/10/15,既婚,三重県,080- 238-9034,au
水崎 遥,みさき はるか,Female,65,1951/4/27,既婚,新潟県,080-4946- 996,ソフトバンク
今泉 智花,いまいずみ ともか,Female,42,1974/8/18,既婚,神奈川県,090-3504-4529,ドコモ
日下 洋介,ひのした ようすけ,Male,39,1977/8/15,既婚,鹿児島県,090-4718-5414,ドコモ
篠崎 寛,しのざき ひろし,Male,51,1965/9/1,既婚,埼玉県,080-4713-9122,ソフトバンク
角 希,すみ のぞみ,Female,62,1954/6/6,既婚,栃木県,080-8019-1777,au
岩田 竜也,いわた たつや,Male,74,1941/10/7,既婚,東京都,080-9930-1737,au
進藤 路子,しんどう みちこ,Female,39,1977/4/28,未婚,広島県,090-9353-2018,au
川口 涼,かわぐち りょう,Female,65,1951/2/23,既婚,大阪府,080-2107-8944,ドコモ
田崎 愛菜,たざき あいな,Female,34,1982/10/3,既婚,大阪府,090-5423-7990,ドコモ
矢島 菜々美,やじま ななみ,Female,54,1962/5/14,既婚,神奈川県,090-6177-3618,ドコモ
佐々木 璃子,ささき りこ,Female,68,1948/5/23,既婚,山梨県,080- 641-2923,ドコモ
上野 彩華,うえの あやか,Female,23,1993/2/9,未婚,京都府,080-9154- 267,ドコモ
三谷 隼士,みたに しゅんじ,Male,53,1963/6/6,既婚,奈良県,090-8592- 757,ドコモ
真鍋 由宇,まなべ ゆう,Female,20,1996/1/8,未婚,群馬県,080-1584-8824,ソフトバンク
西尾 有海,にしお あみ,Female,73,1942/12/2,既婚,広島県,090-8559-5475,au
飯野 綾,いいの あや,Female,38,1978/4/20,未婚,千葉県,090-5600-5559,ソフトバンク
志水 獅童,しみず しどう,Male,55,1961/3/4,既婚,兵庫県,090-3119-8017,ソフトバンク
河合 勇太,かわい ゆうた,Male,29,1986/11/17,既婚,神奈川県,080-2171-6293,ソフトバンク
宮城 花,みやぎ はな,Female,52,1963/10/28,既婚,愛知県,090-3118-8491,au
品川 路子,しながわ みちこ,Female,75,1941/1/5,既婚,北海道,090-5959-3313,ドコモ
河本 奈央,こうもと なお,Female,50,1965/10/7,既婚,大阪府,090- 110-6193,au
内野 砂羽,うちの さわ,Female,25,1991/9/21,既婚,兵庫県,080- 390-3310,au
小宮 未來,こみや みらい,Male,30,1985/12/29,既婚,岐阜県,080-3535-9469,ドコモ
小日向 浩正,こひなた ひろまさ,Male,27,1988/10/25,未婚,東京都,080-8233-9233,ソフトバンク
藤山 はるみ,ふじやま はるみ,Female,66,1950/7/24,既婚,長野県,080- 544-1619,ドコモ
富樫 敏也,とがし としや,Male,41,1975/5/6,既婚,福岡県,080-4082-4264,ソフトバンク
平山 恵望子,ひらやま えみこ,Female,46,1970/1/21,既婚,三重県,090- 459-7953,au
戸田 芽以,とだ めい,Female,59,1957/2/24,既婚,大阪府,080-4681-1060,au
進藤 えみ,しんどう えみ,Female,50,1966/7/30,既婚,神奈川県,090-3358-2625,ドコモ
奥村 俊介,おくむら しゅんすけ,Male,39,1977/7/26,既婚,大阪府,080- 982-4104,au
椎名 たかお,しいな たかお,Male,59,1956/12/21,既婚,東京都,080-3232-2187,ドコモ
栗原 光良,くりはら てるよし,Male,40,1976/9/15,既婚,埼玉県,090-2290-7302,au
及川 美月,おいかわ みづき,Female,57,1958/12/9,既婚,高知県,090- 521-5674,ドコモ
曽根 宏行,そね ひろゆき,Male,36,1980/7/24,既婚,長野県,090-7661-3045,ドコモ
米谷 美佐,よねや みさ,Female,78,1937/11/23,既婚,大阪府,080-6702-8715,ソフトバンク
小西 さとみ,こにし さとみ,Female,76,1939/11/27,既婚,大阪府,090-3029-2651,ドコモ
中本 大樹,なかもと ひろき,Male,64,1951/10/28,既婚,新潟県,080-4817-1456,ドコモ
飯塚 芽以,いいづか めい,Female,33,1983/5/3,既婚,福岡県,090-4264-1509,ドコモ
松沢 芳正,まつざわ よしまさ,Male,71,1944/12/22,既婚,福島県,090-4551-7067,ドコモ
杉野 裕司,すぎの ゆうじ,Male,65,1950/11/21,既婚,三重県,080-6531-5353,ソフトバンク
奥田 友也,おくだ ともや,Male,21,1995/2/12,既婚,東京都,080-8602-9336,ドコモ
杉本 陽子,すぎもと ようこ,Female,62,1954/6/19,既婚,広島県,090-8912-6869,ドコモ
小沢 美和子,おざわ みわこ,Female,58,1958/1/17,既婚,福岡県,090-8650-4186,au
高見 美佳,たかみ みか,Female,74,1941/11/15,既婚,静岡県,090- 311-4312,ドコモ
内野 淳,うちの あつし,Male,50,1966/6/1,未婚,福井県,080-4255-1049,ソフトバンク
染谷 みあ,そめや みあ,Female,73,1943/7/8,既婚,埼玉県,090-8131-5979,ドコモ
荒井 恵梨香,あらい えりか,Female,41,1975/5/14,既婚,神奈川県,090-6431-5752,ソフトバンク
丸田 洋介,まるた ようすけ,Male,44,1971/10/8,既婚,大阪府,090-5126-6192,au
狩野 真希,かの まき,Female,28,1988/2/19,既婚,愛知県,080-9584-7050,au
太田 秀樹,おおた ひでき,Male,20,1996/9/15,未婚,栃木県,080-2185-  43,ドコモ
吉永 フミヤ,よしなが ふみや,Male,66,1949/11/11,既婚,千葉県,080- 754-4023,ドコモ
金森 俊介,かなもり しゅんすけ,Male,34,1982/5/13,既婚,三重県,080-5612-5297,ソフトバンク
大沢 由宇,おおさわ ゆう,Female,25,1990/10/15,既婚,佐賀県,090-3919-1404,ソフトバンク
青柳 里奈,あおやぎ りな,Female,73,1943/9/20,既婚,北海道,090-6666- 827,ドコモ
村山 直人,むらやま なおと,Male,66,1950/7/19,既婚,熊本県,080-9285-4382,au
西原 雅彦,にしはら まさひこ,Male,44,1972/7/21,既婚,神奈川県,080-8811-1502,ドコモ
杉本 翔,すぎもと しょう,Male,79,1936/10/13,既婚,福岡県,080-3131-3633,ドコモ
吹石 恵望子,ふきいし えみこ,Female,59,1956/10/16,既婚,長野県,080-4230-9752,ドコモ
内野 洋介,うちの ようすけ,Male,25,1991/1/24,未婚,京都府,080-2851-5200,ソフトバンク
勝又 季衣,かつまた としえ,Female,31,1985/5/9,未婚,埼玉県,090-5688-4009,ドコモ
柏木 早織,かしわぎ さおり,Female,56,1960/4/1,既婚,富山県,090-4333-8398,ドコモ
中谷 ジョージ,なかたに じょーじ,Male,61,1955/5/26,既婚,栃木県,090-2815-3875,ドコモ
塩見 恵望子,しおみ えみこ,Female,39,1977/7/1,未婚,富山県,090-4788-8194,au
少路 千佳子,しょうじ ちかこ,Female,53,1963/9/14,既婚,秋田県,080-3284-1197,ドコモ
中村 祐一,なかむら ゆういち,Male,21,1995/9/23,未婚,群馬県,080-3490-6430,au
日野 建,ひの けん,Male,64,1952/4/1,既婚,愛媛県,090-9241-5304,au
佐々木 亜希,ささき あき,Female,58,1957/12/15,既婚,神奈川県,080-5754-8901,ソフトバンク
西本 恭子,にしもと きょうこ,Female,26,1990/5/1,既婚,東京都,080-7594-9340,au
高井 千佳子,たかい ちかこ,Female,53,1962/10/12,既婚,秋田県,090-1691-2599,ソフトバンク
小島 弘也,こじま ひろなり,Male,76,1940/5/9,既婚,静岡県,080-9535-3047,ドコモ
西川 三省,にしかわ さんせい,Male,48,1968/7/12,既婚,福島県,080-1018-9447,ソフトバンク
岩村 しほり,いわむら しほり,Female,29,1987/1/30,既婚,広島県,090-9810-5474,ドコモ
柳川 あき,やながわ あき,Female,31,1984/10/16,未婚,熊本県,080-8316-9531,ドコモ
岡本 光洋,おかもと みつひろ,Male,42,1974/5/17,既婚,京都府,080-9864-8829,ドコモ
植木 一代,うえき かずよ,Female,49,1967/8/16,既婚,岩手県,080-9695-8226,au
金谷 窈,かなや よう,Female,75,1941/8/10,既婚,千葉県,090-1033-2182,au
大場 礼子,おおば れいこ,Female,60,1956/8/15,既婚,岐阜県,090-1853-7650,au
丹羽 夏希,たんば なつき,Female,24,1992/7/28,既婚,山形県,080-4427- 910,ドコモ
井原 博之,いはら ひろゆき,Male,27,1988/10/24,既婚,兵庫県,080-7947-3668,ソフトバンク
栗原 芽以,くりはら めい,Female,55,1961/4/4,既婚,東京都,080-3068-4560,ドコモ
越智 しぼり,おち しぼり,Female,70,1945/10/13,既婚,沖縄県,080-1591-5072,ドコモ
遠藤 貴美子,えんどう きみこ,Female,80,1936/1/3,既婚,京都府,080-9193-2408,ドコモ
野口 美佳,のぐち みか,Female,70,1946/8/22,既婚,福岡県,090- 613-1722,au
美木 満,みき みつる,Male,32,1984/7/11,未婚,東京都,080-5438-2157,ドコモ
吉永 耕司,よしなが こうじ,Male,43,1973/4/17,既婚,兵庫県,080-5948-3222,au
藤島 光臣,ふじしま みつおみ,Male,73,1942/10/31,既婚,香川県,090-2834-3163,ドコモ
塚原 祐一,つかはら ゆういち,Male,71,1945/2/11,既婚,福岡県,090-8284-9216,ドコモ
真田 綾女,さなだ あやめ,Female,31,1985/7/4,既婚,東京都,080-1212-1149,ドコモ
岩下 奈々,いわした なな,Female,23,1993/7/1,既婚,秋田県,090-5656-6593,au
長瀬 妃里,ながせ ゆり,Female,46,1969/11/6,既婚,兵庫県,080-8733-6665,ツーカー
星野 なぎさ,ほしの なぎさ,Female,68,1948/9/22,既婚,群馬県,080-9301-7735,ドコモ
牧 雅彦,まき まさひこ,Male,35,1981/2/6,既婚,秋田県,080-6778-4522,au
大槻 めぐみ,おおつき めぐみ,Female,52,1964/5/28,既婚,東京都,080-2572-7537,au
前原 あき,まえはら あき,Female,36,1980/8/17,既婚,大阪府,080-4426-6065,au
平川 なぎさ,ひらかわ なぎさ,Female,66,1950/4/15,既婚,長崎県,080-8672-5169,ドコモ
紺野 茜,こんの あかね,Female,72,1943/12/26,既婚,埼玉県,090-3170- 542,ソフトバンク
本田 千夏,ほんだ ちなつ,Female,27,1989/4/26,未婚,東京都,090-7330-9478,ツーカー
手島 えみ,てじま えみ,Female,22,1993/11/17,既婚,長野県,080-7347-5794,ソフトバンク
松田 恵子,まつだ けいこ,Female,57,1958/12/3,既婚,千葉県,080-8402-4578,ドコモ
及川 薫,おいかわ かおる,Female,54,1962/8/2,既婚,茨城県,090-9082-2282,ソフトバンク
大谷 美智子,おおたに みちこ,Female,60,1955/11/25,既婚,東京都,080-1592-4466,ドコモ
末永 未華子,すえなが みかこ,Female,33,1982/11/24,既婚,長野県,090-8253-7814,ドコモ
本山 守,ほんやま まもる,Male,46,1969/12/26,既婚,埼玉県,090-6229-2526,au
内村 はじめ,うちむら はじめ,Male,74,1942/7/22,既婚,神奈川県,080-8159-3478,ドコモ
片山 進,かたやま すすむ,Male,31,1984/11/23,既婚,和歌山県,080-3141-3452,ドコモ
寺西 季衣,てらにし としえ,Female,45,1971/4/2,既婚,神奈川県,080-6174-4029,au
相馬 さとみ,あいば さとみ,Female,61,1955/10/1,既婚,沖縄県,090-2253-1523,ドコモ
正木 進,まさき すすむ,Male,45,1971/6/22,既婚,新潟県,080-5708-8494,ドコモ
森永 花,もりなが はな,Female,56,1960/2/9,既婚,茨城県,090-4547- 191,ドコモ
鎌田 美月,かまた みづき,Female,70,1946/1/12,既婚,埼玉県,080-1283-8868,ツーカー
寺西 浩太郎,てらにし こうたろう,Male,37,1979/2/21,既婚,東京都,080-5453-3738,ドコモ
及川 明慶,おいかわ あきよし,Male,53,1962/10/28,既婚,山形県,090-2435-6661,ドコモ
白鳥 芳正,しらとり よしまさ,Male,20,1996/6/22,未婚,奈良県,090-8657-2165,au
中川 京子,なかがわ きょうこ,Female,48,1968/4/24,既婚,大分県,090-4527-8571,ソフトバンク
佐藤 真悠子,さとう まゆこ,Female,67,1948/11/10,既婚,福岡県,080-4588-5614,ドコモ
菊池 洋介,きくち ようすけ,Male,73,1943/5/30,既婚,岐阜県,090-5320-3768,ソフトバンク
野上 明,のがみ あきら,Male,65,1951/3/12,既婚,三重県,090-6655-4439,ソフトバンク
津田 晋也,つだ しんや,Male,41,1975/9/16,既婚,山梨県,090-5408-6209,ドコモ
宮野 小百合,みやの さゆり,Female,31,1985/8/27,既婚,富山県,090- 466-5551,ドコモ
寺西 由美子,てらにし ゆみこ,Female,22,1993/10/27,既婚,愛知県,080-8264-5981,au
相武 翔,あいぶ しょう,Male,28,1988/5/6,既婚,愛知県,080-6916-4829,ドコモ
臼井 涼,うすい りょう,Female,64,1952/2/13,既婚,宮崎県,090-1766-3944,ドコモ
川野 小百合,かわの さゆり,Female,36,1980/8/22,既婚,宮城県,090-9084-9294,ドコモ
竹村 ジローラモ,たけむら じろーらも,Male,74,1942/7/17,既婚,北海道,090-7602-3957,au
野中 瑠璃亜,のなか るりあ,Female,49,1967/6/14,既婚,愛知県,090-5421-1291,ドコモ
太田 恵子,おおた けいこ,Female,61,1955/1/9,既婚,鳥取県,090-7935-6564,ドコモ
吉田 瑠璃亜,よしだ るりあ,Female,50,1965/11/1,既婚,群馬県,090-7617- 174,au
吉村 菜々美,よしむら ななみ,Female,20,1995/11/19,未婚,熊本県,080- 123-7433,ドコモ
杉村 窈,すぎむら よう,Female,79,1936/11/12,既婚,岩手県,080- 956-4937,ドコモ
桜田 たかお,さくらだ たかお,Male,34,1982/1/8,既婚,大阪府,080- 148-2815,ドコモ
石崎 直人,いしざき なおと,Male,51,1965/5/15,既婚,愛知県,090-7765-3862,au
坂下 ひろ子,さかした ひろこ,Female,72,1943/10/16,既婚,宮城県,080-3695-3054,ソフトバンク
新垣 窈,にいがき よう,Female,38,1977/12/23,既婚,千葉県,090- 844-4555,ドコモ
滝 花,たき はな,Female,53,1963/5/20,既婚,兵庫県,080- 545-3554,ソフトバンク
中塚 直人,なかづか なおと,Male,37,1979/1/27,既婚,千葉県,080-3434-9766,ドコモ
今井 友以乃,いまい ゆいの,Female,49,1967/3/12,既婚,静岡県,090-3126- 730,ドコモ
長井 郁恵,ながい いくえ,Female,40,1976/8/15,既婚,兵庫県,080-5453-1053,ドコモ
山口 完爾,やまぐち かんじ,Male,60,1955/10/26,既婚,宮崎県,090-3656-8241,au
小高 広之,こだか ひろゆき,Male,26,1990/4/20,既婚,愛知県,080-2256-3742,ツーカー
大橋 未來,おおはし みらい,Female,28,1988/7/14,既婚,神奈川県,090-6364-6273,ドコモ
浅川 美月,あさかわ みづき,Female,27,1989/3/8,既婚,兵庫県,080-2226-2712,ドコモ
三上 由宇,みかみ ゆう,Female,34,1981/10/8,既婚,茨城県,080-1736-3802,ドコモ
明石家 直人,あかしや なおと,Male,21,1995/4/8,既婚,新潟県,090-2930-9243,ドコモ
岡部 法嗣,おかべ ほうし,Male,49,1967/7/4,未婚,大分県,080-8675- 611,ソフトバンク
宇都宮 満,うつのみや みつる,Male,76,1940/3/21,既婚,長崎県,080-2457-4658,ドコモ
田上 精児,たうえ せいじ,Male,72,1943/12/4,既婚,大阪府,080-7799-2375,ツーカー
神野 将也,かみの まさや,Male,50,1966/4/8,既婚,埼玉県,080-2886-6577,ドコモ
及川 莉沙,おいかわ りさ,Female,29,1987/4/5,未婚,福島県,090-4887-8332,ドコモ
砂川 光良,すなかわ てるよし,Male,39,1977/9/15,未婚,千葉県,080-6586-8433,ソフトバンク
根岸 菊生,ねぎし きくお,Male,29,1987/9/25,未婚,神奈川県,080-7738-6980,ドコモ
浜 三郎,はま さぶろう,Male,42,1974/6/21,未婚,大阪府,080-3255-2404,ドコモ
村田 秀樹,むらた ひでき,Male,72,1944/7/19,既婚,福岡県,090-2343- 845,au
市村 幸子,いちむら さちこ,Female,36,1980/2/23,既婚,北海道,080-6224-  87,au
西原 一樹,にしはら かずき,Male,67,1949/2/16,既婚,東京都,090-5391-6611,ドコモ
栗田 龍吉,くりた りゅうきち,Male,41,1975/4/8,未婚,大阪府,090- 645-4139,ソフトバンク
市村 碧海,いちむら おうが,Male,44,1972/7/31,既婚,岩手県,090-9671-1927,ドコモ
服部 知世,はっとり ちせ,Female,77,1939/2/24,既婚,岐阜県,080-3672-7667,au
寺田 寿々花,てらだ すずか,Female,64,1952/10/1,既婚,兵庫県,080-6907-4804,ドコモ
大和田 花,おおわだ はな,Female,56,1960/4/12,既婚,兵庫県,090-7707-6384,ドコモ
大路 まみ,おおじ まみ,Female,20,1996/7/30,未婚,鹿児島県,090-8976-5927,ドコモ
吉永 一恵,よしなが かづえ,Female,54,1962/4/11,既婚,愛知県,080-2162-1519,ドコモ
酒井 健,さかい けん,Male,69,1947/5/16,既婚,石川県,080-3311-8175,au
笠原 右京,かさはら うきょう,Male,36,1980/7/16,既婚,鹿児島県,080-6994-9067,au
黒木 なぎさ,くろき なぎさ,Female,28,1988/3/26,既婚,京都府,090-1599-1407,au
沢田 和之,さわだ かずゆき,Male,54,1962/3/14,既婚,栃木県,090-2575-3293,au
高島 由樹,たかしま ゆき,Female,34,1982/4/28,既婚,長野県,090-2594-3972,ドコモ
藤野 満,ふじの みつる,Male,77,1939/6/21,既婚,神奈川県,080-5091-9415,ドコモ
宮地 真悠子,みやじ まゆこ,Female,60,1956/8/28,既婚,兵庫県,080-  28-5479,au
梅沢 真悠子,うめざわ まゆこ,Female,78,1938/6/28,既婚,広島県,080-4865-2047,ドコモ
八木 未來,やぎ みらい,Female,48,1968/2/2,既婚,三重県,080-5234-8160,au
布川 直人,ふかわ なおと,Male,38,1978/8/15,未婚,大阪府,090-6522-2415,au
谷川 建,たにかわ けん,Male,71,1945/6/19,既婚,鳥取県,080-1102-6638,au
谷 雅彦,たに まさひこ,Male,46,1970/8/11,既婚,神奈川県,080-4945-8355,au
安達 杏,あだち あん,Female,77,1939/6/3,既婚,熊本県,090-9490-8049,au
高畑 寿々花,たかばた すずか,Female,57,1959/5/12,既婚,千葉県,090-9423-6920,ドコモ
榎本 詩織,えのもと しおり,Female,58,1958/1/23,既婚,滋賀県,090-8118-6331,au
渡辺 信吾,わたなべ しんご,Male,72,1943/11/22,既婚,愛知県,080- 261-9815,ドコモ
大地 法嗣,おおち ほうし,Male,40,1976/8/7,未婚,石川県,090-5341-6013,ドコモ
小関 大,こぜき まさる,Male,68,1947/11/26,既婚,茨城県,090-7459-7031,ソフトバンク
北条 貴嶺,ほうじょう たかね,Male,40,1976/5/11,既婚,長崎県,080-1952-2067,au
岩佐 寿々花,いわさ すずか,Female,30,1986/7/22,既婚,群馬県,090-9813-3853,ドコモ
黒川 憲一,くろかわ けんいち,Male,34,1982/9/17,既婚,兵庫県,090-8450-3297,ソフトバンク
中谷 杏,なかたに あん,Female,77,1939/6/4,既婚,新潟県,080-5002- 922,ドコモ
早坂 妃里,はやさか ゆり,Female,54,1962/5/21,既婚,宮城県,090-3818-7314,au
宇多田 真悠子,うただ まゆこ,Female,55,1961/2/22,既婚,神奈川県,090-6851-6224,au
森下 正義,もりした まさよし,Male,64,1952/1/23,既婚,東京都,090-8002-5458,ドコモ
難波 浩太郎,なんば こうたろう,Male,23,1993/2/26,未婚,神奈川県,080-5037-1746,au
佐竹 勇,さたけ ゆう,Female,73,1943/8/6,既婚,神奈川県,090-4787-5979,ドコモ
菅 克実,すが かつみ,Male,70,1945/10/27,既婚,福島県,080-5003-6112,ドコモ
大森 愛菜,おおもり あいな,Female,21,1995/2/3,既婚,長崎県,090-4793-3448,ドコモ
武 浩太郎,たけ こうたろう,Male,74,1942/8/18,既婚,愛知県,090-1814-7769,ドコモ
立川 充則,たちかわ みつのり,Male,65,1950/10/27,既婚,広島県,090-9664-1732,au
瀬戸 瞳,せと ひとみ,Female,78,1938/6/9,既婚,神奈川県,090-1056-1213,au
横山 未來,よこやま みらい,Female,36,1980/6/11,既婚,山形県,080-8442-6870,ドコモ
片平 翔子,かたひら しょうこ,Female,39,1977/7/27,既婚,新潟県,090-2706-1391,ドコモ
大江 三省,おおえ さんせい,Male,65,1951/2/17,既婚,埼玉県,090-5365-4948,au
平田 満,ひらた みつる,Male,50,1966/5/19,既婚,京都府,090- 159-8723,au
城田 文世,しろた ふみよ,Female,24,1992/1/4,未婚,岡山県,090-5077-8428,au
松岡 璃奈子,まつおか りなこ,Female,68,1948/1/10,既婚,滋賀県,080-6303-9187,ドコモ
杉村 夏希,すぎむら なつき,Female,75,1941/2/8,既婚,岩手県,080-6393-2545,au
小野寺 さとみ,おのでら さとみ,Female,48,1968/7/11,既婚,東京都,080-1664- 604,ソフトバンク
境 未來,さかい みらい,Female,39,1977/2/2,既婚,兵庫県,090-9380-1095,ドコモ
矢島 さとみ,やじま さとみ,Female,52,1963/10/8,既婚,愛知県,080-6199-7633,ドコモ
長谷川 早織,はせがわ さおり,Female,70,1946/4/11,既婚,新潟県,090-2536-8488,ドコモ
進藤 しほり,しんどう しほり,Female,31,1984/11/1,既婚,大分県,090-6366-4049,ドコモ
岡村 徹,おかむら とおる,Male,61,1955/2/4,既婚,長野県,080-7349-2021,ドコモ
浜野 隆博,はまの たかひろ,Male,60,1956/1/24,既婚,石川県,090-2488-1649,ドコモ
伴 ひかり,ばん ひかり,Female,74,1942/8/29,既婚,大阪府,090-6411-5235,au
宮地 雄太,みやじ ゆうた,Male,30,1986/6/7,既婚,北海道,090-8376- 524,ドコモ
平山 翔,ひらやま しょう,Male,42,1974/4/18,既婚,広島県,090-8643-9710,ドコモ
佐久間 きみまろ,さくま きみまろ,Male,49,1967/4/21,既婚,愛知県,090-5449-5626,au
山内 功補,やまのうち こうすけ,Male,63,1953/10/4,既婚,徳島県,090- 951-8895,ソフトバンク
宮崎 翔子,みやざき しょうこ,Female,40,1976/3/15,既婚,東京都,090-7371-9305,ドコモ
芹沢 信吾,せりざわ しんご,Male,40,1976/8/10,既婚,埼玉県,090-9879-3478,au
関 徹,せき とおる,Male,47,1969/2/25,既婚,青森県,080-8424-9064,au
神木 倫子,かみき のりこ,Female,56,1960/5/21,既婚,愛知県,080-9483-3375,ドコモ
柳田 誠一,やなぎだ せいいち,Male,36,1980/3/22,既婚,兵庫県,090-9461-3892,au
谷口 将也,たにぐち まさや,Male,26,1990/6/20,既婚,熊本県,080-2758-6733,ドコモ
白鳥 宏行,しらとり ひろゆき,Male,61,1955/2/26,既婚,京都府,090-9360-1490,ドコモ
井沢 雅彦,いざわ まさひこ,Male,66,1950/3/1,既婚,埼玉県,080-3485-1286,ドコモ
畑中 玲那,はたなか れな,Female,56,1960/8/1,既婚,東京都,080-7415-2207,ドコモ
中村 裕次郎,なかむら ゆうじろう,Male,54,1962/3/1,既婚,岡山県,080-3362-8077,ドコモ
高嶋 真一,たかしま しんいち,Male,79,1936/12/20,既婚,三重県,090-3032-3789,ドコモ
林田 しほり,はやしだ しほり,Female,55,1961/8/22,既婚,京都府,080-5654-1888,au
守屋 奈々,もりや なな,Female,42,1974/6/1,既婚,鳥取県,090-3500-3977,ドコモ
加藤 ひろ子,かとう ひろこ,Female,61,1955/4/23,既婚,北海道,080-1522-6779,au
戎 礼子,えびす れいこ,Female,58,1958/9/13,既婚,富山県,080-8424-5605,ドコモ
西島 惇,にしじま じゅん,Male,69,1947/4/20,既婚,大阪府,080-8402-8833,ドコモ
佐野 広之,さの ひろゆき,Male,31,1985/3/8,既婚,愛知県,080- 653-1189,ドコモ
中本 慶二,なかもと けいじ,Male,73,1943/4/2,既婚,大阪府,090-1598-1621,ドコモ
岡島 郁恵,おかじま いくえ,Female,71,1944/12/22,既婚,愛知県,080-8262- 959,ソフトバンク
水口 丈史,みずぐち たけし,Male,23,1992/11/29,未婚,熊本県,080- 390-3004,ドコモ
川野 桃子,かわの ももこ,Female,45,1971/7/5,既婚,静岡県,080- 247-  30,ドコモ
小出 由宇,こいで ゆう,Female,51,1965/7/29,既婚,兵庫県,080-8549-4657,ソフトバンク
宇野 扶樹,うの もとき,Male,76,1940/9/12,既婚,京都府,080- 197-6728,ソフトバンク
庄司 茂樹,しょうじ しげき,Male,58,1958/1/13,既婚,愛知県,080-6230-8192,ドコモ
樋口 愛梨,ひぐち あいり,Female,59,1957/3/12,既婚,群馬県,080-7188-5197,au
武井 美咲,たけい みさき,Female,74,1942/2/3,既婚,福岡県,090-5658-3890,ドコモ
桜井 友也,さくらい ともや,Male,24,1992/9/16,未婚,東京都,080-1621-1139,ドコモ
柳田 ジローラモ,やなぎだ じろーらも,Male,49,1967/8/16,既婚,群馬県,090-6953-9914,ドコモ
笹川 千夏,ささがわ ちなつ,Female,47,1969/2/3,既婚,長野県,090-5578-9984,ツーカー
加藤 涼,かとう りょう,Female,38,1977/11/14,既婚,兵庫県,090-2787-1414,ソフトバンク
古山 未來,ふるやま みらい,Male,49,1967/9/22,既婚,宮崎県,080-2620-1926,ドコモ
ともさか 恭子,ともさか きょうこ,Female,29,1987/1/1,既婚,山口県,080-1378- 128,ソフトバンク
新村 勇介,にいむら ゆうすけ,Male,79,1937/1/20,既婚,群馬県,080- 698-8046,au
小松 華子,こまつ はなこ,Female,51,1965/4/5,既婚,福島県,080-6512-6026,ドコモ
大友 大,おおとも まさる,Male,54,1962/4/18,既婚,静岡県,090-4044-6292,ドコモ
小森 恵子,こもり けいこ,Female,55,1961/9/2,既婚,福岡県,090- 995-3117,au
岡本 和之,おかもと かずゆき,Male,67,1949/2/9,既婚,東京都,080-5546-5223,ドコモ
大熊 美幸,おおくま みゆき,Female,52,1963/12/24,既婚,栃木県,080-6021-1830,ツーカー
本間 浩正,ほんま ひろまさ,Male,75,1941/8/23,既婚,京都府,080- 195-7336,ドコモ
神崎 結子,かんざき ゆうこ,Female,53,1962/10/8,既婚,北海道,080-3468- 335,ソフトバンク
森口 結子,もりぐち ゆうこ,Female,35,1981/7/21,既婚,大阪府,090-2670-2350,au
